CustomerID,CustomerShortName,CustomerRomajiName,CustomerKanaName,CustomerNo,ContactPerson,IDtenKH,KHcuaKH,DateEntry,CustomerNotes,CustomerOrderFolder,CustomerCADfolder
1,MNM,,,114,,MNM,MNM,,,,
2,MOK,,,115,,MOK,,,,,
3,MPN,,,116,,MPN,,,,,
4,MRY,,Chung nhieu,117,,MRY,Dung chung nhieu,,,,
5,MS,,,118,,MS,,,,,
6,MSM,,,119,,MSM,"MBS, MGP, SNP, TAI",,,,
7,MTD,,,120,,MTD,,,,,
8,MTE,,,121,,MTE,,,,,
9,MTM,,ミツミ電機,122,,MTM,,,,,
10,MTR,,,123,,MTR,,,,,
11,MYS,,,124,,MYS,,,,,
12,MZT,,水谷製作所,125,,MZT,,,,,
13,NA,,,126,,NA,,,,,
14,NAC,,,127,,NAC,,,,,
15,NEC,,NECロジスティクス,128,,NEC,,,,,
16,NFC,,,129,,NFC,,,,,
17,NGK,,,130,,NGK,,,,,
18,NGS,,,131,,NGS,NGS,,,,
19,NGT,,,132,,NGT,,,,,
20,NHC,,,133,,NHC,,,,,
21,NHK,,,134,,NHK,,,,,
22,NIT,,,135,,NIT,Khuon cu,,,,
23,NKI,,,136,,NKI,,,,,
24,NML,,,137,,NML,,,,,
25,NPC,,ナガセプラスチック,138,,NPC,,,,,
26,NRK,,,139,,NRK,,,,,
27,NSE,,,141,,NSE,,,,,
28,NSK,,,142,,NSK,,,,,
29,NSM,,,143,,NSM,,,,,
30,NTT,,,144,,NTT,,,,,
31,NWN,,,145,,NWN,,,,,
32,ODS,,Dung chung nhieu,146,,ODS,,,,,
33,OGR,,,147,,OGR,,,,,
34,OHS,,,148,,OHS,,,,,
35,OID,,,149,,OID,,,,,
36,OMG,,,150,,OMG,,,,,
37,ONER,,,151,,ONER,,,,,
38,OOT,,大手,152,,OOT,,,,,
39,OPA,,,153,,OPA,,,,,
40,ORM,,,154,,ORM,,,,,
41,OSI,,,155,,OSI,,,,,
42,OTAX,,,156,,OTAX,,,,,
43,OTD,,,157,,OTD,,,,,
44,OTJ,,,158,,OTJ,,,,,
45,PLX,,,159,,PLX,,,,,
46,PNS,,,160,,PNS,,,,,
47,POS,,,161,,POS,,,,,
48,QA,,,162,,QA,,,,,
49,RCH,,,163,,RCH,RIC,,DH nhieu,,
50,RKK,,,164,,RKK,,,,,
51,RYK,,,165,,RYK,"MNM, MBS, HPS, FKS, DIC,",,,,
52,RYOKA,,,166,,RYOKA,,,,,
53,SAI,,,167,,SAI,,,,,
54,SAIKO,,,168,,SAIKO,,,,,
55,SAM,,,169,,SAM,,,,,
56,SBK,,,170,,SBK,,,,,
57,SDK,,,171,,SDK,,,,,
58,SDSJ,,,172,,SDSJ,,,,,
59,SESK,,,173,,SESK,,,,,
60,SHP,,,174,,SHP,,,,,
61,SHT,,,175,,SHT,,,,,
62,SIT,,,176,,SIT,,,,,
63,SJI,,,177,,SJI,,,gan day,,
64,SJT,,,178,,SJT,,,,,
65,SK,,松南クラフト,179,,SK,,,,,
66,SKC,,,180,,SKC,,,,,
67,SKK,,,181,,SKK,"SKK, SNK",,,,
68,SKO,,,182,,SKO,,,,,
69,SKS,,三幸紙器,183,,SKS,SKS,,Cu nhieu,,
70,SLK,,,184,,SLK,,,,,
71,SMK,,,185,,SMK,"MIS02, TKN, TYM, UGH, YMS",,,#\\SERVER\ysd-folder\新SMK注文書#,
72,SMT,,,186,,SMT,,,,,
73,SNM,,,187,,SNM,,,,,
74,SNT,,,188,,SNT,SNT,,2009,,
75,SP2,,,190,,SP2,,,,,
76,SP30,,,191,,SP30,,,,,
77,SPJ,,株式会社　スピードジャパン,192,,SPJ,,,,,
78,SPK,,,193,,SPK,,,,,
79,SRI,,,194,,SRI,,,,,
80,SSK,,,195,,SSK,ETS,,DH nhieu,,
81,SSM,,サン精密化工研究所,196,,SSM,,,,,
82,STD,,,197,,STD,,,,,
83,STF,,,198,,STF,,,,,
84,STN,,,200,,STN,,,,,
85,SWJ,,,201,,SWJ,,,,,
86,SWS,,,202,,SWS,,,,,
87,SYS,,,203,,SYS,,,,,
88,SZT,,,204,,SZT,SZT,,,,
89,T,,ナガセプラスチック,205,,T,,,,,
90,TBG,,,206,,TBG,,,,,
91,TCS,,,207,,TCS,,,,,
92,TDS,,,208,,TDS,,,"Khuon moi, dung nhieu",,
93,TE,,タイコエレクトロニクスジャパン合同会社,209,,TE,,,,#\\SERVER\ysd-folder\新AMP注文書#,
94,THP,,,210,,THP,,,,,
95,TIH,,,211,,TIH,,,DH nhieu,,
96,TKD,,,212,,TKD,,,,,
97,TKN,,,213,,TKN,,,,,
98,TKO,,,214,,TKO,,,,,
99,TKS,,,215,,TKS,,,,,
100,TMC,,,216,,TMC,,,,,
101,TMD,,,217,,TMD,,,,,
102,TNX,,タナックス　TANAX,218,,TNX,,,,,
103,TOK,,,219,,TOK,TLK,,Khuon moi,,
104,TOW,,,220,,TOW,,,,,
105,TP,,,221,,TP,,,,,
106,TRT,,,222,,TRT,,,,,
107,TSB,,,223,,TSB,,,,,
108,YSD,,YSD,1,,YSD,,,,#\\SERVER\ysd-folder\新一般注文書\Y YSD#,
109,AAT,,,2,,AAT,,,,,
110,ADV,ADVANEX,,3,,ADV,,,,,
111,ADY,,エーディーワイ 株式会社,4,,ADY,SPJ,,,,
112,AFMC,,,6,,AFMC,,,,,
113,AGR,,,7,,AGR,,,,,
114,AKT,,,8,,AKT,,,,,
115,ALF,,,9,,ALF,,,,,
116,ALP,,,10,,ALP,,,,,
117,AMP,,,11,,AMP,,,,#\\SERVER\ysd-folder\新AMP注文書#,
118,AON,,,12,,AON,,,,,
119,APF,,,13,,APF,,,,,
120,ARD,,,14,,ARD,,,,,
121,ARK,,,15,,ARK,,,,,
122,ASC,,,16,,ASC,,,,,
123,ASH,,,17,,ASH,,,,,
124,ASS,,,18,,ASS,,,,,
125,ATS,,,19,,ATS,,,,,
126,AZUMA,,,20,,AZUMA,,,,,
127,BNS,,,21,,BNS,,,,,
128,C,,,22,,C,,,,,
129,CBS,,,23,,CBS,,,,,
130,CEJ,,,24,,CEJ,,,,,
131,CSFHI,,,25,,CSFHI,,,,,
132,CGI,,,26,,CGI,,,,,
133,CGR,,,27,,CGR,,,,,
134,CIPS,,,28,,CIPS,,,,,
135,CK,,中央工機,29,,CK,,,,,
136,COT,,,30,,COT,,,,,
137,CPL,,,31,,CPL,,,,,
138,CST,,シーエステック株式会社,32,,CST,,,,,
139,DDB,,,33,,DDB,,,,,
140,DHA,,,34,,DHA,,,,,
141,DIC,,Hay dung ワイエイシイガーター,35,,DIC,,,,,
142,DIM,,Van DH,36,,DIM,,,,,
143,DIN,,,37,,DIN,,,,,
144,DK,,,38,,DK,,,,,
145,DNS,,,39,,DNS,,,,,
146,E,,,40,,E,,,,,
147,EDK,,,41,,EDK,,,,,
148,EK,,,42,,EK,,,,,
149,ELI,,,43,,ELI,,,,,
150,ELS,,,44,,ELS,,,,,
151,ETS,,エトー商事,45,,ETS,,,,,
152,EXD,,エクセル電子,46,,EXD,,,,,
153,FDK,,,47,,FDK,,,,,
154,FHJ,,,48,,FHJ,,,,,
155,FJK,,,49,,FJK,,,,,
156,GKD,,,50,,GKD,,,,,
157,GMY,,五明紙器,51,,GMY,,,,,
158,H,,,52,,H,,,,,
159,HAK,,,53,,HAK,,,,,
160,HCP,,,54,,HCP,,,,,
161,HIN,,,55,,HIN,,,,,
162,HKS,,,56,,HKS,,,,,
163,HMP,,,57,,HMP,,,,,
164,HNS,,,59,,HNS,,,,,
165,HOKUTO,,,60,,HOKUTO,,,,,
166,HRT,,,61,,HRT,,,,,
167,HSH,,,62,,HSH,,,,,
168,HSK,,,63,,HSK,,,,,
169,HYT,,,64,,HYT,,,,,
170,IDM,,,65,,IDM,,,,,
171,IGB,,,66,,IGB,,,,,
172,INP,,,67,,INP,,,,,
173,IPC,,,68,,IPC,,,,,
174,IR,,,69,,IR,,,,,
175,ITS,,,70,,ITS,,,,,
176,IWD,,,71,,IWD,,,,,
177,JAE,,,72,,JAE,,,,#\\SERVER\ysd-folder\新HAE注文書#,
178,JIC,,,73,,JIC,,,,,
179,JR,,,74,,JR,,,,,
180,K,,,75,,K,,,,,
181,KAR,,,76,,KAR,,,,,
182,KBS,,,77,,KBS,,,,,
183,KBY,,,78,,KBY,,,,,
184,KES,,,79,,KES,,,,,
185,KGM,,,80,,KGM,,,,,
186,KGP,,,81,,KGP,,,,,
187,KKG,,,82,,KKG,,,,,
188,KLE,,,83,,KLE,,,,,
189,KMX,,,84,,KMX,,,,,
190,KND,,Moi,85,,KND,DH nhieu,,,,
191,KOG,,,86,,KOG,,,,,
192,KOH,,,87,,KOH,,,,,
193,KOK,,,88,,KOK,,,,,
194,KORYO KR,,,89,,KORYO KR,,,,,
195,KOS,,,90,,KOS,,,,,
196,KRE,,,91,,KRE,,,,,
197,KSC,,,92,,KSC,,,,,
198,KSE,,川崎エコー,93,,KSE,,,,,
199,KSP,,小林スプリング,94,,KSP,,,,,
200,KSR,,,95,,KSR,,,,,
201,KTK,,,96,,KTK,,,,,
202,KWE,,,97,,KWE,,,,,
203,KYANON,,,98,,KYANON,,,,,
204,KYD,,,99,,KYD,,,,,
205,KYM,,,100,,KYM,,,,,
206,LPS,,ラピス,101,,LPS,,,,,
207,MBC,,,102,,MBC,,,,,
208,MBM,,,103,,MBM,,,,,
209,MBS,,,104,,MBS,,,,,
210,MDS,,,105,,MDS,,,,,
211,MH,,,106,,MH,,,,,
212,MIC,,,107,,MIC,,,,,
213,MIS,,,108,,MIS,,,,,
214,MIY,,,109,,MIY,,,,,
215,MKG,,,110,,MKG,,,,,
216,MKN,,,111,,MKN,,,,,
217,MKP,,,112,,MKP,,,,,
218,MMT,,Gan day,113,,MMT,,,Moi,,
219,TSP,,,224,,TSP,,,,,
220,TSS,,,225,,TSS,,,,,
221,TUK,,,226,,TUK,,,,,
222,TWD,,,227,,TWD,,,,,
223,TYJ,,,228,,TYJ,,,,,
224,TYK,,,229,,TYK,,,,,
225,TYU,,,230,,TYU,,,,,
226,WDS,,,231,,WDS,,,,,
227,WKE,,,232,,WKE,,,,,
228,WKS,,,233,,WKS,,,,,
229,WTN,,,234,,WTN,,,,,
230,YCM,,ワイコム,235,,YCM,,,,,
231,YES,,,236,,YES,,,,,
232,YFG,,,237,,YFG,,,,,
233,YHM,,,238,,YHM,,,,,
234,YK,,,239,,YK,,,,,
235,YKS,,,240,,YKS,,,,,
236,YKW,,,241,,YKW,,,,,
237,YMS,,,242,,YMS,,,,,
238,YMT,,アズビル株式会社,243,,YMT,,,,,
239,YOK,,,244,,YOK,,,,,
240,YPC,,,245,,YPC,,,,,
241,YSM,,山下マテリアル,246,,YSM,,,,,
242,YSR,,,247,,YSR,,,,,
243,TH,,,248,,TH,,,,,
244,Other,,,249,,Other,,,,,
245,No Name,,,250,,No Name,,,,,
246,AP,,,251,,AP,DH nhieu,,,,
247,TII,,,252,,TII,,,,,
248,KDS,,共同紙業,253,,KDS,,,,,
249,NNP,,,254,,NNP,,,,,
250,KW,,,255,,KW,,,,,
251,SDS,,,256,,SDS,,,,,
253,TCB,,タチバナパッケージ,258,,TCB,,,,,
254,YGE,,,259,,YGE,,,,,
255,MPL,,,260,,MPL,,,,,
256,SSJ,,,261,,SSJ,,,,,
257,SEKYW,,,262,,SEKYW,,,,,
258,TES,,,263,,TES,,,,,
259,NKP,,,264,,NKP,,,,,
260,YNK,,,265,,YNK,,,,,
261,OGS,,,266,,OGS,,,,,
262,TPS,,,267,,TPS,,,,,
263,CL,,,268,,CL,,,,,
264,TJS,,,269,,TJS,,,,,
265,CSM,,,270,,CSM,,,,,
266,STP,,,271,,STP,,,,,
267,NPK,,,272,,NPK,,,,,
268,DIS,,,273,,DIS,,,,,
269,APE,,,274,,APE,,,,,
270,SCP,,,275,,SCP,,,,,
271,NPR,,,276,,NPR,,,,,
272,SSI,,,277,,SSI,,,,,
273,TEP,,,278,,TEP,,,,,
274,TNG,,,279,,TNG,,,,,
275,THK,,,280,,THK,Khuon cu,,,,
276,AKR,ARKERU,アーケル,281,,AKR,,,,#\\SERVER\ysd-folder\新一般注文書\あ行\ア　ARKERU(アーケル)#,
277,IZK,,,282,,IZK,,,,,
278,LSK,,,283,,LSK,,,,,
279,SGK,,,284,,SGK,,,,,
280,QAS,,,285,,QAS,,,,,
281,SJK,,,286,,SJK,,,,,
282,LKS,,リンクス,287,,LKS,,,,,
283,KKC,,,288,,KKC,,,,,
284,YZW,,,289,,YZW,,,,,
285,SES,,,290,,SES,,,,,
286,HTK,,,291,,HTK,,,,,
287,SWN,,,292,,SWN,,,,,
288,SE,,,293,,SE,,,,,
289,OIK,,,294,,OIK,,,,,
290,TM,,,295,,TM,,,,,
291,KIK,,,296,,KIK,,,,,
292,AZK,,,297,,AZK,,,,,
294,KOR,,,298,,KOR,,,,,
295,BMI,,,299,,BMI,,,,,
296,SFI,,,300,,SFI,,,,,
297,NCD,,,301,,NCD,,,,,
299,QSK,,,302,,QSK,,,,,
300,SG,,,303,,SG,,,,,
301,JPS,,,304,,JPS,,,,,
302,SNK,,,305,,SNK,,,,,
303,UTD,,,306,,UTD,,,,,
304,KMR,,,307,,KMR,,,,,
305,LDV,,,308,,LDV,,,,,
306,KNC,,,309,,KNC,,,,,
307,MMC,,,310,,MMC,,,,,
308,MCC,,,311,,MCC,,,,,
309,ENT,,,312,,ENT,,,,,
310,SRD,,,313,,SRD,,,,,
311,KBT,,,314,,KBT,,,,,
312,KSK,,,315,,KSK,,,,,
313,IMT,,,316,,IMT,,,,,
315,FJT,,,317,,FJT,,,,,
317,STY,,,318,,STY,,,,,
318,MBN,,,319,,MBN,,,,,
320,KR,,,320,,KR,,,,,
321,EMI,,,321,,EMI,,,,,
322,CYD,,,322,,CYD,,,,,
323,AST,,,323,,AST,,,,,
324,YMK,,,324,,YMK,,,,,
325,AXN,,,325,,AXN,,,,,
327,IZW,,,326,,IZW,,,,#\\SERVER\ysd-folder\新一般注文書\あ行\I  IZW#,\\SERVER\ysd-folder\新一般注文書\あ行\I  IZW#\\SERVER\ysd-folder\新一般注文書\あ行\I  IZW#
328,FDE,,,327,,FDE,,,,,
329,IRS,,,328,,IRS,,,,,
330,YZP,,,329,,YZP,,,,,
331,TWG,,,330,,TWG,,,,,
333,OMR,,,331,,OMR,,,,,
334,HYS,,,332,,HYS,,,,,
335,NHL,,,333,,NHL,,,,,
336,KJK,,,334,,KJK,,,,,
337,ATK,,,335,,ATK,,,,,
338,SP,,,336,,SP,,,,,
339,YPK,,,337,,YPK,,,,,
340,TK,,,338,,TK,,,,,
341,ELP,,,339,,ELP,,,,,
342,NPK２,,,340,,NPK２,,,,,
343,ESJ,,,341,,ESJ,,,,,
344,GAS,,,342,,GAS,,,,,
345,LMN,,,343,,LMN,,,,,
346,MCT,,,344,,MCT,,,,,
347,MNP,,,345,,MNP,,,,,
348,MTS,,,346,,MTS,,,,,
349,OKH,,,347,,OKH,,,,,
350,SGK2,,,348,,SGK2,,,,,
351,TDW,,,349,,TDW,,,,,
352,社内,,,350,,社内,,,,,
365,TNR,,,351,,TNR,,,,,
366,SWT,,,352,,SWT,,,,,
370,ESM,,Eサーモジェンテック,0,,,,,,\\SERVER\ysd-folder\新一般注文書\あ行\E     Eサーモジェンテック#\\SERVER\ysd-folder\新一般注文書\あ行\E     Eサーモジェンテック#,
371,ELJ,,ＥＬＪコーポレーション,0,,,,,,\\SERVER\ysd-folder\新一般注文書\あ行\E　ＥＬＪコーポレーション#\\SERVER\ysd-folder\新一般注文書\あ行\E　ＥＬＪコーポレーション#,
373,INT,,INT,0,,,,,,\\SERVER\ysd-folder\新一般注文書\あ行\I　I・N・T#\\SERVER\ysd-folder\新一般注文書\あ行\I　I・N・T#,
374,IBK,,IBUKI,0,,,,,,\\SERVER\ysd-folder\新一般注文書\あ行\I　IBUKI#\\SERVER\ysd-folder\新一般注文書\あ行\I　IBUKI#,
375,IKK,,IKK (伊藤),0,,,,,,\\SERVER\ysd-folder\新一般注文書\あ行\I　IKK (伊藤)#\\SERVER\ysd-folder\新一般注文書\あ行\I　IKK (伊藤)#,
376,ITJ,,I-TECH JAPAN,0,,,,,,\\SERVER\ysd-folder\新一般注文書\あ行\I　I-TECH JAPAN#\\SERVER\ysd-folder\新一般注文書\あ行\I　I-TECH JAPAN#,
377,MMI,,MMIセミコンダクター,0,,,,,,\\SERVER\ysd-folder\新一般注文書\あ行\M　MMIセミコンダクター#\\SERVER\ysd-folder\新一般注文書\あ行\M　MMIセミコンダクター#,
378,MTB2,,ＭＴＢblue,0,,,,,,\\SERVER\ysd-folder\新一般注文書\あ行\Ｍ　ＭＴＢblue#\\SERVER\ysd-folder\新一般注文書\あ行\Ｍ　ＭＴＢblue#,
379,NMK01,,NMK化成,0,,,,,,\\SERVER\ysd-folder\新一般注文書\あ行\N NMK化成#\\SERVER\ysd-folder\新一般注文書\あ行\N NMK化成#,
380,ADN2,,Orbray (旧 アダマンド並木精密宝石),0,,,,,,\\SERVER\ysd-folder\新一般注文書\あ行\Ｏ　Orbray (旧 アダマンド並木精密宝石)#\\SERVER\ysd-folder\新一般注文書\あ行\Ｏ　Orbray (旧 アダマンド並木精密宝石)#,
381,RKJ,,R&K JAPAN,0,,,,,,\\SERVER\ysd-folder\新一般注文書\あ行\Ｒ　R&K JAPAN#\\SERVER\ysd-folder\新一般注文書\あ行\Ｒ　R&K JAPAN#,
382,RON,,R-One,0,,,,,,\\SERVER\ysd-folder\新一般注文書\あ行\Ｒ　Ｒ-one#\\SERVER\ysd-folder\新一般注文書\あ行\Ｒ　Ｒ-one#,
383,ASK4,,(株)アセック,0,,,,,,\\SERVER\ysd-folder\新一般注文書\あ行\ア　(株)アセック#\\SERVER\ysd-folder\新一般注文書\あ行\ア　(株)アセック#,
385,RMJ,,RMJ,0,,,,,,#\\SERVER\ysd-folder\新一般注文書\あ行\ア　ＲＭＪ#,
386,AAK,,アーク,0,,,,,,#\\SERVER\ysd-folder\新一般注文書\あ行\あ　アーク#,
387,ARK2,,アーク産業,0,,,,,,#\\SERVER\ysd-folder\新一般注文書\あ行\ア　アーク産業#,
388,ATT,,ｱｰﾄﾃｸﾉﾛｼﾞｰ,0,,,,,,#\\SERVER\ysd-folder\新一般注文書\あ行\あ　ｱｰﾄﾃｸﾉﾛｼﾞｰ#,
389,ATV,,ｱｰﾄﾊﾞﾝ,0,,,,,,#\\SERVER\ysd-folder\新一般注文書\あ行\ア　ｱｰﾄﾊﾞﾝ#,
390,ATB,,アートビーム,0,,,,,,#\\SERVER\ysd-folder\新一般注文書\あ行\ア　アートビーム#,
391,ATF2,,アートファイネックス 東京,0,,,,,,#\\SERVER\ysd-folder\新一般注文書\あ行\ア　アートファイネックス 東京#,
392,KMG,,,0,,,,,,,
393,NKB,,,0,,,,,,,
394,SONY,,,0,,,,,,,
395,EFC,,,0,,,,,,,
396,SEW,,,0,,,,,,,
397,BSP,,,0,,,,,,,
398,A3C,,,0,,,,,,,
399,TMT,,,0,,,,12/2/2024,,,
400,OPK,,,0,,,,12/2/2024,,,
401,MSP,,,0,,,,12/2/2024,,,
402,MTY,,,0,,,,12/2/2024,,,
403,OTP,,,0,,,,12/3/2024,,,
404,PS,,,0,,,,12/3/2024,,,
405,TCT,,,0,,,,12/3/2024,,,
406,NCP,,,0,,,,12/9/2024,,,
407,PT,,,0,,,,12/9/2024,,,
408,GW,,,0,,,,12/9/2024,,,
409,RS,,,0,,,,12/9/2024,,,
411,BOC,,,0,,,,1/20/2025,,,
412,NGD,,,0,,,,1/20/2025,,,
413,MIS2,,,0,,,,1/20/2025,,,
415,IBG,,,0,,,,1/20/2025,,,
416,SNS,,,0,,,,1/20/2025,,,
417,MKD,,,0,,,,1/20/2025,,,
418,KGD,,,0,,,,1/21/2025,,,
419,GOJ,,,0,,,,1/28/2025,,,
420,CANON,,,0,,,,1/28/2025,,,
422,TKP,,TKP,0,,,,3/14/2025,,,
423,TY,,,0,,,,3/27/2025,,,
424,Noname,,,0,,,,3/27/2025,,,
425,MRD,,,0,,,,5/8/2025,,,
426,BSZ,,,0,,,,5/15/2025,,,
427,SCW,,,0,,,,5/19/2025,,,
428,RPD,,,0,,,,6/16/2025,,,
429,SHARP,,,0,,,,7/12/2025,,,
430,OST,,,0,,,,7/12/2025,,,
431,HAYASHI,,,0,,,,7/12/2025,,,
432,CHG,,,0,,,,7/15/2025,,,
433,APS,,,0,,,,7/29/2025,,,
434,NHR,,,0,,,,9/19/2025,,,
435,ASP,,,0,,,,9/19/2025,,,
