CutterID,CutterNo,CutterName,CutterDesignName,SatoCode,SatoCodeDate,Description,UsageStatus,BladeCount,Pitch,PlasticCutType,CutterType,PPcushionUse,CutlineLength,CutlineWidth,CutterCorner,CutterChamfer,PostCutLength,PostCutWidth,CutterLength,CutterWidth,CutterNote,CutterDetail,CustomerID,RackLayerID,storage_company,CutterDisposing,last_update_date
175,340,YCM-038B,,,,,,,,,別抜き,,,,,,,,,,,,230,421,2,,
176,359,NPR-002,,,,,,,,,別抜き,,,,,,,,,,,,271,421,,,
177,317,SSK-005,,,,,,,,,別抜き,,,,,,,,,,,,80,421,,,
179,707,JAE-090,,,,,,1,,,別抜き+In-Line,,,,,,,,,,1面で1Fプレス,インラインカッター,177,421,,,
180,358,MYS-003,,,,,,,,,別抜き,,,,,,,,,,,,11,421,,,
181,883,KSC-003,,,,,,,,,別抜き,,,,,,,,,,,,197,421,,,
185,353,OIK-001,,,,,,,,,別抜き,,,,,,,,,,,,289,421,,,
186,338,OMR-001,,,,,,,,,別抜き,,,,,,,,,,,,333,421,,,
187,329,YZW-001,,,,,,,,,別抜き,,,,,,,,,,,,284,421,,,
188,334,QAS-003,,,,,,,,,別抜き,,,,,,,,,,,,280,421,,,
189,321,TKS-021,,,,,,,,,別抜き,,,,,,,,,,,,99,421,,,
190,366,YOK-003,,,,,,,,,別抜き,,,,,,,,,,,,239,421,,,
191,385,SJK-010,,,,,,,,,別抜き,,,,,,,,,,2コ,"255x165, 255x177",281,421,,,
192,31,KBT-001,,,,,,,,,別抜き,,,,,,,,,,,,311,421,,,
193,JAE051,JAE-051,,,,,,,,,別抜き,,,,,,,,,,,穴あけ,177,421,,,
194,333,TNX-013,,,,,,,,,別抜き,,,,,,,,,,,,102,421,,,
195,331,DIC-036,,,,,,,,,別抜き,,,,,,,,,,,,141,421,,,
196,364,YES003,,,,,,,,,別抜き,,,,,,,,,,,,231,421,,,
197,345,SMK-185,,,,,,,,,別抜き,,,,,,,,,,,,71,421,,,
198,381,YSM-042,,,,,,,,,別抜き,,,,,,,,,,,,241,421,,,
199,422,KSP-179,,,,,,,,,別抜き,,,,,,,,,,,,199,421,,,
200,335,OOT-020,,,,,,,,,別抜き,,,,,,,,,,,,38,421,,,
201,357,OOT-025,,,,,,,,,別抜き,,,,,,,,,,,,38,421,,,
202,390,KIK-005T,,,,,,,,,別抜き,,,,,,,,,,,,291,422,,,
203,391,KIK-005B,,,,,,,,,別抜き,,,,,,,,,,,,291,422,,,
204,354,JAE-132,,,,,,,,,別抜き,,,,,,,,,,,,177,422,,,
205,389,JAE-193,,,,,,,,,別抜き,,270,270,4R10,,,,,,,C面なし,177,422,,,
206,416,DDB-004,,,,,,,,,別抜き,,,,,,,,,,,,139,422,,,
207,415,DDB-001,,,,,,,,,別抜き,,,,,,,,,,,,139,422,,,
208,425,YCM-059,,,,,,,,,別抜き,,,,,,,,,,,,230,422,,,
209,437,YCM-066,,,,,,,,,別抜き,,,,,,,,,,,,230,422,,,
210,310,SSK-002,,,,,,,,,別抜き,,,,,,,,,,,,80,422,,,
211,436,KSP-196,,,,,,,,,別抜き,,,,,,,,,,,,199,422,,,
212,378,KSP-152,,,,,,,,,別抜き,,,,,,,,,,,,199,422,,,
213,258,KSP-105,,,,,,,,,別抜き,,,,,,,,,,,300x200,199,422,,,
214,394,KDS-105,,,,,,,,,別抜き,,460,320,,,,,,,,45x320x460,248,422,,,
215,365,RCH-003,,,,,,,,,別抜き,,,,,,,,,,,,49,422,,,
216,34,YMS-004,,,,,,,,,別抜き,,,,,,,,,,,,237,422,,,
217,318,HKS-006,,,,,,,,,別抜き,,,,,,,,,,,,162,422,,,
218,366,LPS-022,,,,,,,,,別抜き,,,,,,,,,,,,206,422,,,
219,872,RCH-006,,,,,,,,,別抜き,,,,,,,,,,,392x256,49,422,,,
220,MZT007,MZT-007,,,,,,,,,別抜き,,,,,,,,,,,,12,422,,,
221,228,SMK,,,,,,,,,別抜き,,,,,,,,,,,297x207,71,411,,,
222,227,MDS-004,,,,,,,,,別抜き,,,,,,,,,,,,210,411,,,
223,225,TE-8-156-5,,,,,,,,,別抜き,,,,,,,,,,,,93,411,,,
224,224,ELS-001,,,,,,,,,別抜き,,,,,,,,,,,,150,411,,,
225,223,MTM-060,,,,,,,,,別抜き,,,,,,,,,,,,9,411,,,
226,222,YSM-019,,,,,,,,,別抜き,,,,,,,,,,,YSM-021共通,241,411,,,
227,220,TIH-008,,,,,,,,,別抜き,,,,,,,,,,,両面,95,411,,,
228,219,SK-048R,,,,,,,,,別抜き,,,,,,,,,,,,65,411,,,
229,218,ADV-032,,,,,,,,,別抜き,,,,,,,,,,,,110,411,,,
230,217,AMP-027,,,,,,,,,別抜き,,,,,,,,,,あてをかえる,,117,411,,,
231,216,TMC-85Y?,,,,,,,,,別抜き,,,,,,,,,,,,100,411,,,
232,215,SDSJ-001,,,,,,,,,別抜き,,,,,,,,,,,10面,58,411,,,
234,214,KSE-（湾）,,,,,,,,,別抜き,,,,,,,,,,,,198,411,,,
235,213,YSR-015,,,,,,,,,別抜き,,,,,,,,,,,2面,242,411,,,
236,212,MTM-045,,,,,,1,,,別抜き,,,,,,,,,,,,9,411,,,
237,211,KSE-016R,,,,,,,,,別抜き,,,,,,,,,,使用禁止,旧64号,198,411,,,
238,210,TIH-003,,,,,,,,,別抜き,,,,,,,,,,,,95,411,,,
239,209,NKI-004,,,,,,,,,別抜き,,,,,,,,,,,2面,23,411,,,
240,208,GMY-086,,,,,,,,,別抜き,,,,,,,,,,,,157,411,,,
241,207,TYU-001,,,,,,,,,別抜き,,,,,,,,,,,5面,225,411,,,
242,206,MZT-056,,,,,,,,,別抜き,,,,,,,,,,,,12,411,,,
243,204,Other,,,,,,,,,別抜き,,,,,,,,,,,,244,411,,,
245,204,ADY-063,,,,,,,,,別抜き,,,,,,,,,,,1面,111,411,,,
246,203,KSP-076,,,,,,,,,別抜き,,,,,,,,,,,両面黒,199,411,,,
247,203,KSP-076,,,,,,,,,別抜き,,,,,,,,,,,1面,199,411,,,
248,203,KSP-076,,,,,,,,,別抜き,,,,,,,,,,,両面,199,411,,,
249,201,MTM-035,,,,,,,,,別抜き,,,,,,,,,,,,9,411,,,
250,200,LPS-004,,,,,,,,,別抜き,,,,,,,,,,,,206,411,,,
251,229,STF-003,,,,,,,,,別抜き,,,,,,,,,,,,83,412,,,
252,230,SK-048,,,,,,,,,別抜き,,,,,,,,,,,,65,412,,,
253,231,PNS-002,,,,,,,,,別抜き,,,,,,,,,,,,46,412,,,
254,232,STF-001,,,,,,,,,別抜き,,,,,,,,,,,,83,412,,,
255,232,STF-001,,,,,,,,,別抜き,,,,,,,,,,,,83,412,,,
256,234,JAE-002,,,,,,,,,別抜き,,,,,,,,,,,,177,412,,,
257,235,MZT-068,,,,,,,,,別抜き,,,,,,,,,,,,12,412,,,
258,236,ADY-053,,,,,,,,,別抜き,,,,,,,,,,,(C10-R8 355x230),111,412,,,
259,237,TWD-001,,,,,,,,,別抜き,,,,,,,,,,,,222,412,,,
262,238,AXN-001,,,,,,,,,別抜き,,,,,,,,,,,,325,412,,,
263,239,TIH-009B,,,,,,,,,別抜き,,,,,,,,,,,,95,412,,,
264,240,SAI-001,,,,,,,,,別抜き,,,,,,,,,,,,53,412,,,
265,242,MTD-002,,,,,,,,,別抜き,,,,,,,,,,,,7,412,,,
266,243,YOK-001,,,,,,,,,別抜き,,,,,,,,,,,,239,412,,,
267,244,TBG-003,,,,,,,,,別抜き,,,,,,,,,,,,90,412,,,
268,245,SPK-001,,,,,,,,,別抜き,,,,,,,,,,,,78,412,,,
269,247,YCM-028,,,,,,,,,別抜き,,,,,,,,,,,,230,412,,,
270,248,TE-2-053-3T,,,,,,,,,別抜き,,,,,,,,,,,,93,412,,,
271,249,TE-2-053-3B,,,,,,,,,別抜き,,,,,,,,,,,,93,412,,,
272,250,MTR-001,,,,,,,,,別抜き,,,,,,,,,,,,10,412,,,
273,251,MTR-002,,,,,,,,,別抜き,,,,,,,,,,,,10,412,,,
274,252,MTR-003,,,,,,,,,別抜き,,,,,,,,,,,,10,412,,,
275,253,MTR-004,,,,,,,,,別抜き,,,,,,,,,,,,10,412,,,
276,254,YCM-027,,,,,,,,,別抜き,,,,,,,,,,,,230,412,,,
278,255,IZW-001,,,,,,,,,別抜き,,,,,,,,,,,,327,412,,,
279,256,IZW-002,,,,,,,,,別抜き,,,,,,,,,,,B. CL,327,412,,,
280,257,TJS-002,,,,,,,,,別抜き,,,,,,,,,,,1面,264,412,,,
281,374,SJI-014,,,,,,,,,別抜き,,,,,,,,,,,1面,63,412,,,
282,260,FDE-003,,,,,,,,,別抜き,,,,,,,,,,,,328,412,,,
283,117,ADY-051,,,,,,,,,別抜き,,,,,,,,,,,,111,401,,,
284,115,MZT-009,,,,,,,,,別抜き,,,,,,,,,,,,12,401,,,
285,114,KSP-045,,,,,,,,,別抜き,,,,,,,,,,,330x225,199,401,,,
286,113,MTD-001,,,,,,,,,別抜き,,,,,,,,,,,,7,401,,,
287,111,ODS-038?,,,,,,,,,別抜き,,,,,,,,,,,,32,401,,,
288,108,ONER-001,,,,,,,,,別抜き,,,,,,,,,,,,37,401,,,
289,107,TE-1279508-5,,,,,,,,,別抜き,,,,,,,,,,,,93,401,,,
290,106,TE-1279508-4,,,,,,,,,別抜き,,,,,,,,,,,,93,401,,,
291,105,SMK-125,,,,,,,,,別抜き,,,,,,,,,,,,71,401,,,
292,63,TNX-001,,,,,,,,,別抜き,,,,,,,,,,,,102,401,,,
293,103,SES-004,,,,,,,,,別抜き,,,,,,,,,,,,285,401,,,
294,101,SPJ-046,,,,,,,,,別抜き,,,,,,,,,,,,77,401,,,
295,100,EXD-008,,,,,,,,,別抜き,,,,,,,,,,,,152,401,,,
296,99,TKO-,,,,,,,,,別抜き,,,,,,,,,,,,98,401,,,
297,98,YCM-001,,,,,,,,,別抜き,,,,,,,,,,,,230,401,,,
298,97,MS-042,,,,,,,,,別抜き,,,,,,,,,,,,5,401,,,
299,96,AMP-018,,,,,,,,,別抜き,,,,,,,,,,,,117,401,,,
300,95,NEC,,,,,,,,,別抜き,,,,,,,,,,,375x301,15,401,,,
301,94,EXD-006,,,,,,,,,別抜き,,,,,,,,,,,,152,401,,,
303,93,IRS-001,,,,,,,,,別抜き,,,,,,,,,,,,329,401,,,
304,92,MZT-112,,,,,,,,,別抜き,,,,,,,,,,,新　266ｘ250,12,401,,,
305,91,TE-1-145-7,,,,,,,,,別抜き,,,,,,,,,,,,93,401,,,
306,90,KSP-040,,,,,,,,,別抜き,,,,,,,,,,,,199,401,,,
307,88,YZP-004B,,,,,,,,,別抜き,,,,,,,,,,,,330,401,,,
308,118,TKD-002,,,,,,,,,別抜き,,,,,,,,,,,,96,402,,,
309,119,SDK-001,,,,,,,,,別抜き,,,,,,,,,,,,57,402,,,
310,120,JPS-002,,,,,,,,,別抜き,,,,,,,,,,,成型,301,402,,,
311,120,TBG-001,,,,,,,,,別抜き,,,,,,,,,,,,90,402,,,
312,121,MZT-010,,,,,,,,,別抜き,,,,,,,,,,,,12,402,,,
313,124,MZT-012,,,,,,,,,別抜き,,,,,,,,,,,,12,402,,,
314,125,SPJ-034,,,,,,,,,別抜き,,,,,,,,,,,,77,402,,,
315,126,KSP-046,,,,,,,,,別抜き,,,,,,,,,,,,199,402,,,
317,127,SPJ-046,,,,,,,,,別抜き,,,,,,,,,,,,77,402,,,
318,128,MZT-014,,,,,,,,,別抜き,,,,,,,,,,,,12,402,,,
319,130,TE-014,,,,,,,,,別抜き,,,,,,,,,,,464x292.5,93,402,,,
320,133,EXD-018,,,,,,,,,別抜き,,,,,,,,,,,,152,402,,,
321,134,TNG-001,,,,,,,,,別抜き,,,,,,,,,,,,274,402,,,
322,135,NEC-007,,,,,,,,,別抜き,,,,,,,,,,,,15,402,,,
323,136,NGS-005B,,,,,,,,,別抜き,,,,,,,,,,,,18,402,,,
324,137,YSR-014,,,,,,,,,別抜き,,,,,,,,,,,,242,402,,,
325,138,COT-002,,,,,,,,,別抜き,,,,,,,,,,,,136,402,,,
326,139,NSK,,,,,,,,,別抜き,,,,,,,,,,,,28,402,,,
327,140,KDS-048,,,,,,,,,別抜き,,,,,,,,,,,,248,402,,,
328,141,KSP-051,,,,,,,,,別抜き,,,,,,,,,,,A+B,199,402,,,
329,142,KSP-053,,,,,,,,,別抜き,,,,,,,,,,,,199,402,,,
330,143,NEC-008,,,,,,,,,別抜き,,,,,,,,,,,,15,402,,,
331,144,TKD-004,,,,,,,,,別抜き,,,,,,,,,,,,96,402,,,
332,145,MZT-020,,,,,,,,,別抜き,,,,,,,,,,,,12,402,,,
333,146,Other,,,,,,,,,別抜き,,,,,,,,,,,,244,402,,,
334,147,TE-1-141-3,,,,,,,,,別抜き,,,,,,,,,,,,93,402,,,
335,148,TIH-001,,,,,,,,,別抜き,,,,,,,,,,,,95,402,,,
336,349,JAE-117B,,,,,,,,,別抜き,,,,,,,,,,,,177,423,,,
337,406,ADY-123,,,,,,,,,別抜き,,190,140,,,,,,,,,111,423,,,
338,428,TPS-002,,,,,,,,,別抜き,,,,,,,,,,,"DIM-006,7,8,9ラベル紙がはってある　NOなしの箱の中",262,423,,,
339,341,MTM-115,,,,,,1,,,別抜き,,,,,,,,,,,1面,9,423,,,
340,368,DIM-005,,,,,,,,,別抜き,,,,,,,,,,,,142,423,,,
341,324,WKE-001,,,,,,,,,別抜き,,,,,,,,,,（成形カッター）,(プレス) 385x335,227,423,,,
342,436,SMK-213,,,,,,,,,別抜き,,,,,,,,,,,,71,423,,,
343,351,JAE-113,,,,,,,,,別抜き,,,,,,,,,,,,177,423,,,
344,325,SZT-004,,,,,,,,,別抜き,,,,,,,,,,,,88,423,,,
345,386,YKW-003,,,,,,,,,別抜き,,,,,,,,,,7（３？）号機台の下箱の中,7面,236,423,,,
346,355,STP-001,,,,,,,,,別抜き,,,,,,,,,,,,266,423,,,
347,370,YCM-017,,,,,,,,,別抜き,,,,,,,,,,,,230,423,,,
348,369,YKW-004,,,,,,,,,別抜き,,,,,,,,,,,,236,423,,,
349,316,ADY-090,,,,,,,,,別抜き,,,,,,,,,,,中抜き３型,111,423,,,
350,323,DK-030,,,,,,,,,別抜き,,,,,,,,,,,(穴用）（丸抜き）,144,423,,,
351,306,ADY-083R,,,,,,,,,別抜き,,,,,,,,,,,,111,423,,,
352,307,SK-051,,,,,,,,,別抜き,,,,,,,,,,,,65,423,,,
353,327,KOS-003,,,,,,,,,別抜き,,,,,,,,,,,,195,423,,,
354,DIC023,DIC-023,,,,,,,,,別抜き,,,,,,,,,,,(丸を抜く）,141,423,,,
355,360,ADY-117,,,,,,,,,別抜き,,,,,,,,,,,,111,423,,,
356,375,STD-004,,,,,,,,,別抜き,,,,,,,,,,,,82,423,,,
357,JAE067,JAE-067,,,,,,,,,別抜き,,,,,,,,,,,,177,423,,,
358,JAE025,JAE-025,,,,,,,,,別抜き,,,,,,,,,,,,177,423,,,
359,309,SSK-001,,,,,,,,,別抜き,,,,,,,,,,,,80,413,,,
360,328,RCH-001,,,,,,,,,別抜き,,,,,,,,,,,,49,413,,,
361,320,JAE-075,,,,,,,,,別抜き,,,,,,,,,,,,177,413,,,
362,319,MTM,,,,,,,,,別抜き,,,,,,,,,,試作いろいろ使う,C面2箇所,9,413,,,
363,311,SSK-004,,,,,,,,,別抜き,,,,,,,,,,,,80,413,,,
364,315,TE-6-157-1,,,,,,,,,別抜き,,,,,,,,,,,,93,413,,,
365,75,TNX-012,,,,,,,,,別抜き,,,,,,,,,,,,102,413,,,
366,175,NPR-001,,,,,,,,,別抜き,,,,,,,,,,,,271,413,,,
367,112,GMY-096,,,,,,,,,別抜き,,,,,,,,,,,,157,413,,,
368,274,KSP-115,,,,,,,,,別抜き,,,,,,,,,,,(330x225),199,413,,,
369,344,DIM-004,,,,,,,,,別抜き,,,,,,,,,,,,142,413,,,
370,342,KIK-501,,,,,,,,,別抜き,,,,,,,,,,,,291,413,,,
371,DIC033,DIC-033,,,,,,,,,別抜き,,,,,,,,,,,,141,413,,,
372,296,JIC-002,,,,,,,,,別抜き,,,,,,,,,,,,178,413,,,
373,297,YMT-008,,,,,,,,,別抜き,,,,,,,,,,,,238,413,,,
374,294,SRD-001,,,,,,,,,別抜き,,,,,,,,,,,,310,413,,,
375,398,YCM-047,,,,,,,,,別抜き,,,,,,,,,,,,230,413,,,
376,287,ADY-078T,,,,,,,,,別抜き,,,,,,,,,,,,111,413,,,
377,280,ADY-075,,,,,,,,,別抜き,,,,,,,,,,,,111,413,,,
378,187,TE-0-156-1,,,,,,,,,別抜き,,,,,,,,,,,,93,413,,,
379,272,NKP-001,,,,,,,,,別抜き,,,,,,,,,,,（台）,259,413,,,
380,271,JAE-007,,,,,,,,,別抜き,,,,,,,,,,,（台）,177,413,,,
381,270,TJS-003,,,,,,,,,別抜き,,,,,,,,,,アイフォン（台）,,264,413,,,
382,268,NGK-001,,,,,,,,,別抜き,,,,,,,,,,,,17,413,,,
383,267,CST-009,,,,,,,,,別抜き,,,,,,,,,,,,138,413,,,
384,264,LPS-011,,,,,,,,,別抜き,,,,,,,,,,,,206,413,,,
385,263,SG-001,,,,,,,,PP,別抜き,,,,,,,,,,,"(7-127-7,8共通あては違う）",300,413,,,
386,262,MTM-074,,,,,,,,,別抜き,,,,,,,,,,ミツミ電機のカッター,C面１ヶ所,9,413,,,
387,261,ARK-001,,,,,In Use,,,,別抜き,,,,,,,,,,,,121,413,,,
388,374,SJI-014,,,,,,,,,別抜き,,,,,,,,,,,,63,413,,,
389,8号機,Other,,,,,,,,,別抜き,,,,,,,,,,,,244,413,,,
390,183,LPS-002新,,,,,,,,,別抜き,,,,,,,,,,,新（１面、両面）,206,403,,,
391,182,KSP-049新,,,,,,,,,別抜き,,,,,,,,,,新,,199,403,,,
392,181,TE-1447069-4,,,,,,,,,別抜き,,,,,,,,,,,,93,403,,,
393,180,ADY-067,,,,,,,,,別抜き,,,,,,,,,,,,111,403,,,
394,179,AMP-024,,,,,,,,,別抜き,,461,292.5,,,,,,,,Aタイプ専用 C面なし　461ｘ292.5,117,403,,,
395,177,ADY-059,,,,,,,,,別抜き,,,,,,,,,,,4面,111,403,,,
396,176,YSM-017,,,,,,,,,別抜き,,,,,,,,,,,"017 <--> 031, 018<-->029?",241,403,,,
397,395,NPR-003,,,,,,,,,別抜き,,,,,,,,,,,,271,403,,,
398,174,KDS-054,,,,,,,,,別抜き,,,,,,,,,,,,248,403,,,
399,173,GMY-086,,,,,,,,,別抜き,,,,,,,,,,,,157,403,,,
400,172,DNS-001B,,,,,,,,,別抜き,,,,,,,,,,,,145,403,,,
401,171,LPS-001,,,,,,,,,別抜き,,,,,,,,,,,,206,403,,,
402,170,Other,,,,,,,,,別抜き,,,,,,,,,,,,244,403,,,
403,169,KSP-063,,,,,,,,,別抜き,,,,,,,,,,,,199,403,,,
404,168,KDS-055,,,,,,,,,別抜き,,,,,,,,,,,緑,248,403,,,
405,167,TIH-007,,,,,,,,,別抜き,,,,,,,,,,,,95,403,,,
406,166,KSE-021,,,,,,,,,別抜き,,,,,,,,,,,,198,403,,,
407,165,YSM-014,,,,,,,,,別抜き,,,,,,,,,,,,241,403,,,
408,164,NEC-010,,,,,,,,,別抜き,,,,,,,,,,,,15,403,,,
409,163,NEC-009B,,,,,,,,,別抜き,,,,,,,,,,,,15,403,,,
410,161,Other,,,,,,,,,別抜き,,,,,,,,,,,493x340,244,403,,,
411,160,MTM,,,,,,,,,別抜き,,,,,,,,,,,成光産業,9,403,,,
412,159,YMT-001,,,,,,,,,別抜き,,,,,,,,,,,,238,403,,,
413,158,YCM-055,,,,,,,,,別抜き,,,,,,,,,,,,230,403,,,
414,156,SWJ-009,,,,,,,,,別抜き,,,,,,,,,,,,85,403,,,
415,155,MTE-001,,,,,,,,,別抜き,,,,,,,,,,,,8,403,,,
416,154,MYS-002,,,,,,,,,別抜き,,,,,,,,,,,,11,403,,,
417,153,TIH-004,,,,,,,,,別抜き,,,,,,,,,,,,95,403,,,
418,152,KSE-018,,,,,,,,,別抜き,,,,,,,,,,,,198,403,,,
420,150,TWG-001,,,,,,,,,別抜き,,,,,,,,,,,,331,403,,,
421,149,YSM-013,,,,,,,,,別抜き,,,,,,,,,,,,241,403,,,
422,184,KSE-022,,,,,,,,,別抜き,,,,,,,,,,,,198,404,,,
423,185,SJK-002,,,,,,,,,別抜き,,,,,,,,,,,,281,404,,,
424,186,KSP-067,,,,,,,,,別抜き,,,,,,,,,,,,199,404,,,
425,188,KSP-066,,,,,,,,,別抜き,,,,,,,,,,,,199,404,,,
426,189,YSM-016,,,,,,,,,別抜き,,,,,,,,,,,3コ,241,404,,,
427,191,KSE-023,,,,,,,,,別抜き,,,,,,,,,,,,198,404,,,
428,399,RCH-008,,,,,,,,,別抜き,,,,,,,,,,,,49,404,,,
429,193,GMY-087,,,,,,,,,別抜き,,,,,,,,,,,,157,404,,,
430,194,MIS-001,,,,,,,,,別抜き,,,,,,,,,,,(４面),213,404,,,
431,195,KKC-002,,,,,,,,,別抜き,,,,,,,,,,,,283,404,,,
432,196,KSP-050,,,,,,,,,別抜き,,,,,,,,,,,1面新,199,404,,,
433,197,BMI-002,,,,,,,,,別抜き,,,,,,,,,,,,295,404,,,
434,198,SMK-137,,,,,,,,,別抜き,,,,,,,,,,,(240x180),71,404,,,
435,198,SMK-141,,,,,,,,,別抜き,,,,,,,,,,,（両面）　240ｘ180,71,404,,,
436,199,YCM-025,,,,,,,,,別抜き,,,,,,,,,,,,230,404,,,
438,noname,Other,,,,,,,,,別抜き,,,,,,,,,,,,244,404,,,
439,192,LPS-037,,,,,,,,,別抜き,,,,,,,,,,,,206,404,,,
440,86,CIPS-005,,,,,,,,,別抜き,,,,,,,,,,,,134,404,,,
442,JAE153,JAE-153R,,,,,,,,,別抜き,,,,,,,,,,,（穴あけ）,177,404,,,
443,33,CPL,,,,,,,,,別抜き,,,,,,,,,,,,137,404,,,
444,28,Other,,,,,,,,,別抜き,,,,,,,,,,,,244,404,,,
445,29,KSP-330,,,,,,,,,別抜き,,,,,,,,,,,,199,404,,,
450,TMC-014,TMC-014,,,,,,,,,別抜き,,,,,,,,,,,,100,1001,,,
452,2,ADV017,,,,,,,,,別抜き,,,,,,,,,,,①,110,942,,,
453,3,ADV017,,,,,,,,,別抜き,,,,,,,,,,,,110,942,,,
454,4,HMP004,,,,,,,,,別抜き,,,,,,,,,,,,163,942,,,
455,5,HMP-005 (使用禁止）,,,,,使用禁止,,,,別抜き,,,,,,,,,,,2面,163,1001,,,
456,6,TE12795093,,,,,,,,,別抜き,,,,,,,,,,,,93,942,,,
457,7,YSM001,,,,,,,,,別抜き,,,,,,,,,,,,241,942,,,
458,8,YSM002,,,,,,,,,別抜き,,,,,,,,,,,,241,942,,,
459,9,KSP018,,,,,,,,,別抜き,,,,,,,,,,,,199,942,,,
460,10,KSP-020,,,,,,,,,別抜き,,,,,,,,,,右,右,199,942,,,
461,11,KSP020,,,,,,,,,別抜き,,,,,,,,,,左,左,199,942,,,
462,12,NIT-001,,,,,,,,,別抜き,,,,,,,,,,,,22,942,,,
463,13,OTAX014,,,,,,,,,別抜き,,,,,,,,,,,,42,942,,,
464,14,FJK-002,,,,,,,,,別抜き,,,,,,,,,,,,155,942,,,
465,15,FJK,,,,,,,,PP,別抜き,,,,,,,,,,PP,PP,155,942,,,
466,16,TMC-002,,,,,,,,,別抜き,,,,,,,,,,,,100,942,,,
467,17,DIC008,,,,,,,,,別抜き,,330,230,,,,,,,,,141,942,,,
468,18,CANON,,,,,,,,,別抜き,,,,,,,,,,,,203,1001,,,
469,19,TE81039,,,,,,,,,別抜き,,,,,,,,,,,,93,942,,,
470,20,TE-4-129-5,,,,,,,,,別抜き,,,,,,,,,,,,93,942,,,
471,21,TE-1279509-4,,,,,,,,,別抜き,,,,,,,,,,,,93,903,,,
473,22,TE-1279509-2,,,,,,,,,別抜き,,,,,,,,,,,,93,903,,,
474,23,TE-1279508-1,,,,,,,,,別抜き,,,,,,,,,,,,93,903,,,
475,24,TE-1279508-2,,,,,,,,,別抜き,,,,,,,,,,,,93,903,,,
476,25,TE-1279508-3,,,,,,,,,別抜き,,,,,,,,,,,,93,903,,,
477,26,TE-1279509-1,,,,,,,,,別抜き,,,,,,,,,,,,93,903,,,
478,27,TE-1279600-1 新,,,,,,,,,別抜き,,,,,,,,,,新,新,93,903,,,
485,30,YSD-Z-030-1,,,,,,,,,別抜き,,,,,,,,,,,,108,1001,,,
486,178,AP-001,,,,,,,,,別抜き,,,,,,,,,,,,246,442,,,
490,190,TE-0-156-9,,,,,,,,,別抜き,,,,,,,,,,,,93,1001,,,
491,61,LKS-003,,,,,,,,,別抜き,,200,200,,,,,,,,箱,282,902,,,
492,176,MTM-026,,,,,,,,,別抜き,,,,,,,,,,,,9,1001,,,
493,192,LPS-003,,,,,,,,,別抜き,,,,,,,,,,,,206,1001,,,
494,197,KKC-002,,,,,使用禁止,,,,別抜き,,,,,,,,,,新・使用禁止,新,283,920,,,
495,199,MTM-027,,,,,,,,,別抜き,,,,,,,,,,,,9,1001,,,
497,202,NGS-010,,,,,,,,,別抜き,,,,,,,,,,,,18,1001,,,
498,203,KSP-076,,,,,,,,,別抜き,,,,,,,,,,,,199,1001,,,
499,205,DIN-001,,,,,,,,,別抜き,,,,,,,,,,,,143,1001,,,
500,312,TE-4-156-0,,,,,,,,,別抜き,,,,,,,,,,,,93,1001,,,
502,393,IMT-003,,,,,,,,,In-Line,,,,,,,,,,,インラインカッタ－　２F成形,313,1001,,,
503,221,YSD-Z-100-1,,,,,,,,PP,別抜き,,,,,,,,,,,PP,108,442,,,
505,226,TE-8-127-0,,,,,,,,,別抜き,,,,,,,,,,,,93,1001,,,
509,619,ADV-035,,,,,,,,,In-Line,,,,,,,,,,,インラインカッター,110,1001,,,
510,241,SKS-012,,,,,,,,,別抜き,,,,,,,,,,,,69,1001,,,
515,246,SWJ-004?,,,,,,,,,別抜き,,,,,,,,,,,"{MMT-002, ADY-108}? 不明",85,441,,,
522,258,KSP-151,,,,,,,,,別抜き,,,,,,,,,,,,199,1001,,,
523,259,SLK106,,,,,,,,,別抜き,,,,,,,,,,111文字側C面、113文字がない側C面、Aの箱使う、Bの箱使わない (新しいカッターあり17.2.17）,C面2ヶ所,70,942,,,
525,265,KGM-001,,,,,,,,,別抜き,,,,,,,,,,,,185,1001,,,
526,266,KGM-002,,,,,,,,,別抜き,,,,,,,,,,,,185,1001,,,
527,269,TJS002,,,,,,,,,別抜き,,,,,,,,,,アイフォン（台）,,264,932,,,
530,273,NML-001,,,,,,,,,別抜き,,,,,,,,,,,,24,1001,,,
531,275,NGS-013,,,,,,,,,別抜き,,,,,,,,,,,,18,1001,,,
532,276,SYS001,,,,,,,,,別抜き,,,,,,,,,,,,87,943,,,
533,277,TE-7-127-7 R4,,,,,,,,,別抜き,,,,,,,,,,変更15.4.13,,93,1001,,,
534,KSP105,KSP-105,,,,,,,,,別抜き,,300,200,,,,,,,,,199,1001,,,
535,692,HYS-001,,,,,,,,,In-Line,,,,,,,,,,2Fカッター置場,インラインカッター,334,1001,,,
536,278,LPS-012,,,,,,,,,別抜き,,,,,,,,,,,,206,1001,,,
537,279,LPS-011,,,,,,,,,別抜き,,,,,,,,,,,,206,1001,,,
538,281,AAT001T,,,,,,,,,別抜き,,,,,,,,,,,,109,942,,,
539,282,TES-001,,,,,,,,,別抜き,,,,,,,,,,,,258,1001,,,
540,283,TES-002,,,,,,,,,別抜き,,,,,,,,,,,,258,442,,,
541,284,SCP001,,,,,,,,,別抜き,,,,,,,,,,,,270,943,,,
542,285,SZT002,,,,,,,,,別抜き,,,,,,,,,,,,88,943,,,
543,286,MIY-001,,,,,,,,,別抜き,,,,,,,,,,,,214,1001,,,
544,288,TJS004,,,,,,,,,別抜き,,,,,,,,,,,,264,932,,,
545,289,OOT015,,,,,,,,,In-Line,,,,,,,,,,,インライ変更,38,943,,,
546,290,JAE004,,,,,,,,,別抜き,,,,,,,,,,,,177,943,,,
547,291,ADY-077,,,,,,,,,別抜き,,,,,,,,,,,,111,1001,,,
548,292,ODS-043,,,,,,,,,別抜き,,,,,,,,,,,,32,1001,,,
549,293,STY001,,,,,,,,,別抜き,,,,,,,,,,,(ねんどヘラ）,317,943,,,
550,295,JIC001,,,,,,,,,別抜き,,,,,,,,,,,(コップブラシ）,178,943,,,
551,298,STD002,,,,,,,,,別抜き,,,,,,,,,,,,82,943,,,
552,299,STD001,,,,,,,,,別抜き,,,,,,,,,,,,82,943,,,
553,300,CSM001,,,,,,,,,別抜き,,,,,,,,,,,,265,943,,,
554,246,ADY-108,,,,,,2,,,別抜き,,,,,,,,,,1F 2P アルミ,インラインカッター,111,441,,,
555,297,NGS-012,,,,,,,,,別抜き,,,,,,,,,,インラインカッターSPJ-007２面使用,,18,1001,,,
556,301,TE71277R3,,,,,,,,,別抜き,,,,,,,,,,,,93,943,,,
557,302,FDK-003,,,,,,,,,別抜き,,,,,,,,,,,,153,442,,,
558,303,PNS005,,,,,,,,,別抜き,,,,,,,,,,,2型,46,943,,,
559,304,OOT017,,,,,,,,,別抜き,,,,,,,,,,,,38,943,,,
560,305,DIC-023,,,,,,,,,別抜き,,,,,,,,,,,,141,901,,,
561,308,NML-006,,,,,,,,,別抜き,,,,,,,,,,,,24,442,,,
562,312,SLK-110,,,,,,,,,別抜き,,,,,,,,,,,C面なし,70,1001,,,
563,313,DIC-028,,,,,,,,,別抜き,,,,,,,,,,,丸抜カッター有,141,1001,,,
564,314,SKK-003,,,,,,,,,別抜き,,,,,,,,,,,,67,1001,,,
566,527,KDS-066,,,,,,,,,In-Line,,,,,,,,,,,インラインカッター,248,491,,,
567,711,SZT-003,,,,,,,,,In-Line,,,,,,,,,,,インラインカッター,88,1001,,,
568,326,TE-6-157-6,,,,,,,,,別抜き,,,,,,,,,,,,93,1001,,,
570,330,TSB-002,,,,,,,,,別抜き,,,,,,,,,,,,107,1001,,,
571,332,ADY-096,,,,,,,,,別抜き,,,,,,,,,,,,111,1001,,,
572,336,KSC001,,,,,,,,,別抜き,,,,,,,,,,,,197,942,,,
573,337,SZT-007T,,,,,,,,,別抜き,,,,,,,,,,,,88,1001,,,
574,339,KIK-003Txx,,,,,,,,,別抜き,,,,,,,,,,,,291,1001,,,
575,343,JAE-123,,,,,,,,,別抜き,,330,230,,,,,,,,330x230,177,1001,,,
578,361,ADY-099T,,,,,,,,,別抜き+In-Line,,,,,,,,,,カッタ2コ,インラインカッター　プレス,111,1001,,,
579,346,TE-1-160-4,,,,,,,,,別抜き,,461,292.5,,,,,,,,,93,441,,,
580,347,KIK-002T,,,,,,,,,別抜き,,461,291,,,,,,,KIK-044B カッター別1面,,291,1001,,,
581,348,KIK-003T,,,,,,,,,別抜き,,,,,,,,,,,,291,1001,,,
583,350,SMK-184,,,,,,,,,別抜き,,,,,,,,,,,,71,1001,,,
584,352,TCB-005,,,,,,,,,別抜き,,,,,,,,,,,,253,1001,,,
586,356,ALP-001,,,,,,,,,別抜き,,,,,,,,,,,箱大きい,116,1001,,,
588,361,ADY-099T,,,,,,,,,別抜き,,,,,,,,,,カッター2コ,,111,1001,,,
589,362,JAE-135,,,,,,,,,別抜き,,,,,,,,,,,,177,1001,,,
590,363,KGM007,,,,,,,,,別抜き,,,,,,,,,,,,185,1001,,,
591,823,ORM-003,,,,,,,,,In-Line,,,,,,,,,,,インラインカッター,40,1001,,,
592,754,DIC-049,,,,,,,,,別抜き+In-Line,,,,,,,,,,プレス変更1Fある,インラインカッター,141,442,,,
593,KIK004,KIK-004B,,,,,,,,,別抜き,,,,,,,,,,プレス棚上試作用,カッター1面箱なし,291,1001,,,
594,367,SMK-193,,,,,,,,,別抜き,,,,,,,,,,,,71,1001,,,
596,371,KIK-004B,,,,,,,,,別抜き,,,,,,,,,,,,291,1001,,,
597,372,JAE-169,,,,,,,,,別抜き,,,,,,,,,,JAE-215 2021.6.19 茨城工場491x341,,177,1001,,,
598,373,SJI-013,,,,,,,,,別抜き,,,,,,,,,,,,63,442,,,
599,376,PLX-001,,,,,,,,,別抜き,,,,,,,,,,,,45,1001,,,
600,377,SJI-012,,,,,,,,,別抜き,,,,,,,,,,,,63,1001,,,
601,379,SJI-016,,,,,,,,,別抜き,,,,,,,,,,クラブシエル？ 1F奥にあるカッター,2面,63,1001,,,
602,380,SJI-015,,,,,,,,,別抜き,,,,,,,,,,1Fプレス奥にあるカッター,2面,63,1001,,,
604,382,ORM-004,,,,,,,,,別抜き,,,,,,,,,,,,40,442,,,
605,383,SSI-001,,,,,,,,,別抜き,,,,,,,,,,,,272,1001,,,
606,384,KIK005B,,,,,,,,,別抜き,,,,,,,,,,,,291,942,,,
609,864,YCM-046,,,,,,,,,In-Line,,,,,,,,,,2F,インラインカッター,230,1001,,,
610,388,JAE-186,,,,,,,,,別抜き,,,,,,,,,,,,177,1001,,,
612,392,JAE-134,,,,,,,,,別抜き,,,,,,,,,,,,177,1001,,,
613,393,SSM-039,,,,,,,,,別抜き,,,,,,,,,,,,81,1001,,,
614,872,RCH-005,,,,,,,,,In-Line,,,,,,,,,,,インラインカッター,49,1001,,,
615,881,WTN003,,,,,,,,,In-Line,,428,311,,,,,,,8号機ビス止め,成形カッター,229,951,,,
616,MTM152,MTM-152,,,,,,2,,,別抜き,,,,,,,,,,2F中,2面 245x200,9,1001,,,
617,396,74C AB FOR STAKING,,,,,,,,,In-Line,,276,276,,,,,,,NO???んじの右 C面　穴,,141,302,,,
618,397,KDS-106,,,,,,,,,別抜き,,485,300,,,,,,,,485x300,248,1001,,,
619,400,TE-3-066-6,,,,,,,,,別抜き,,,,,,,,,,１ばん、２ばん,,93,1001,,,
620,401,TE-7-068-2,,,,,,,,,別抜き,,,,,,,,,,,,93,442,,,
621,403,WTN-003,,,,,,,,,別抜き,,428,311,,,,,,,,428x311,229,1001,,,
622,404,SSJ-013 PS,,,,,,,,PS,別抜き,,,,,,,,,,,PS,256,443,,,
623,405,SSJ-013 PP,,,,,,,,PP,別抜き,,,,,,,,,,,PP,256,443,,,
624,852,MZT-063,,,,,,,,,In-Line,,,,,,,,,,,インラインカッター,12,1001,,,
625,512,Other,,,,,,,,,In-Line,,,,,,,,,,,インラインカッター,,1001,,,
626,899,TE-5-159-9,,,,,,,,,In-Line,,,,,,,,,,成 箱に入っていない,インラインカッター 日三化,93,1001,,,
628,407,KJK-001,,,,,,,,,別抜き,,,,,,,,,,,2面,336,441,,,
629,408,SSJ-015 PS,,,,,,,,PS,別抜き,,,,,,,,,,,PS,256,443,,,
630,409,SSJ-016,,,,,,,,PS,別抜き,,,,,,,,,,,PS,256,443,,,
631,410,SSJ-016,,,,,,,,PP,別抜き,,,,,,,,,,,PP,256,443,,,
632,411,SSJ-015 PS,,,,,,,,PP,別抜き,,,,,,,,,,,PP,256,443,,,
633,412,MCC-002,,,,,,,,,別抜き,,,,,,,,,,,,308,443,,,
634,413,"SSJ-012 PP, PS",,,,,,,,,別抜き,,,,,,,,,,,"PP, PS 共通",256,443,,,
635,414,DIM-011,,,,,,,,,別抜き,,,,,,,,,,,,142,442,,,
636,417,IDM-001,,,,,,,,,In-Line,,,,,,,,,,,インラインカッター,170,1001,,,
637,418,TDS-008,,,,,,,,,別抜き,,405,320,,,,,,,,405x320,92,1001,,,
638,419,SSM-040,,,,,,4,,,別抜き,,210,148,,,,,,,De duoi ban may dap giua,4面,81,1001,,,
639,420,TE-8-161-5,,,,,,,,,別抜き,,335,230,,,,,,,,335x230,93,1001,,,
640,421,KWE-003,,,,,,,,,In-Line,,366,190,,,,,,,,インラインカッター,202,1001,,,
641,423,KMR-001,,,,,,,,,別抜き,,,,,,,,,,,,304,1001,,,
642,424,KWE-002,,,,,,,,,別抜き,,306,190,,,,,,,,306x190,202,442,,,
644,426,TNX-024,,,,,,,,,別抜き,,,,,,,,,,,,102,441,,,
645,427,MZT-110,,,,,,,,,別抜き,,,,,,,,,,,,12,1001,,,
646,429,MTM-161,,,,,,,,,別抜き,,,,,,,,,,,X2,9,1001,,,
647,931,IDM-001,,,,,,,,,In-Line,,433,280,,,,,,,,インラインカッター,170,1001,,,
648,430,SSM-046,,,,,,,,,別抜き,,,,,,,,,,,,81,1001,,,
649,431,MZT-135,,,,,,,,,別抜き,,,,,,,,,,,,12,1001,,,
650,432,JAE-259,,,,,,,,,別抜き,,,,,,,,,,,,177,441,,,
651,433,TE-4-090-2,,,,,,,,,別抜き,,,,,,,,,,,,93,441,,,
652,434,DIC-137,,,,,,,,,別抜き,,,,,,,,,,,,141,442,,,
653,435,MTM-026,,,,,,,,,別抜き,,,,,,,,,,,,9,1001,,,
656,438,JAE-267,,,,,,,,,別抜き,,,,,,,,,,,,177,441,,,
657,439,DHA-002,,,,,,,,,別抜き,,,,,,,,,,,,140,441,,,
659,MMT002 842?,MMT-002,,,,,,,,,別抜き,,,,,,,,,,MMT-002 => ADY-108 1Fシャッター,,218,1001,,,
660,TE51570,TE-5-157-0,,,,,,,,,別抜き,,,,,,,,,,,585.7x268.2,93,1001,,,
661,TE11604,TE-1-160-4,,,,,,,,,別抜き,,,,,,,,,,,,93,1001,,,
662,TE31618,TE-3-161-8,,,,,,,,,別抜き,,,,,,,,,,高い（高さが違う）,585.7x268.2高さ60 そこなし ???,93,1001,,,
663,631,JAE-026,,,,,,,,,別抜き,,270,270,,,,,,,,270x270,177,1001,,,
664,JAE212,JAE-212,,,,,,,,,別抜き,,,,,,,,,,,高刃カッター,177,1001,,,
667,TE01616,TE-0-161-6,,,,,,,,,別抜き,,,,,,,,,,1Fプレス奥にあるカッター,,93,1001,,,
668,KDS104台,KDS-104,,,,,,,,,別抜き,,,,,,,,,,1Fプレス奥にあるカッター,,248,1001,,,
669,NFC001,NFC-001,,,,,,,,,別抜き,,,,,,,,,,1Fプレス奥にあるカッター,,16,1001,,,
670,SJI019,SJI-019,,,,,,,,,別抜き,,,,,,,,,,1Fプレス奥にあるカッター,,63,1001,,,
671,SJI020,SJI-020,,,,,,,,,別抜き,,,,,,,,,,1Fプレス奥にあるカッター,,63,1001,,,
672,DIN010,DIN-010,,,,,,,,,別抜き,,,,,,,,,,1Fプレス奥にあるカッター,他社,143,1001,,,
673,YKW002,YKW-002,,,,,,,,,別抜き,,,,,,,,,,"1Fプレス奥にあるカッター, 箱に入っていない",1面　トレー３面,236,1001,,,
674,TE31618,TE-3-161-8,,,,,,,,,別抜き,,,,,,,,,,1Fプレス奥にあるカッター,,93,1001,,,
675,OSI002,OSI-002,,,,,,,,,別抜き,,,,,,,,,,1Fプレス奥にあるカッター,,41,1001,,,
676,YKW005,YKW-005,,,,,,,,,別抜き,,,,,,,,,,1Fプレス奥にあるカッター,,236,1001,,,
677,TNX023,TNX-023,,,,,,,,,別抜き,,,,,,,,,,1Fプレス奥にあるカッター,,102,441,,,
678,TE20599,TE-2-059-9,,,,,,3,,,別抜き,,,,,,,,,,1Fプレス奥にあるカッター,3面,93,440,,,
679,TE10559,TE-1-055-9,,,,,,,,,別抜き,,,,,,,,,,1Fプレス奥にあるカッター,4面　スロットケース,93,1001,,,
680,TDS001,TDS-001,,,,,,,,,別抜き,,,,,,,,,,1Fプレス奥にあるカッター,,92,1001,,,
682,TE50520 フィルム,TE-5-052-0フィルム,,,,,,,,,別抜き,,,,,,,,,,高橋さん関係カッター,フィルム,93,1001,,,
683,TE50520 トレー抜き,TE-5-052-0,,,,,,,,,別抜き,,,,,,,,,,高橋さん関係カッター,トレー抜き型,93,1001,,,
684,TE20591,TE-2-059-1,,,,,,,,,別抜き,,,,,,,,,,高橋さん関係カッター  AMP プレス3号棟にある,スロットケース　T.B,93,1001,,,
685,TE20592,TE-2-059-2,,,,,,,,,別抜き,,,,,,,,,,高橋さん関係カッター AMP高橋さん プレス3号棟にある,スロットケース　T.B,93,1001,,,
686,MZT078,MZT-078,,,,,,,,,別抜き,,,,,,,,,,1Fプレス,,12,1001,,,
687,MZT080,MZT-080,,,,,,,,,別抜き,,,,,,,,,,1Fプレス,,12,1001,,,
688,MZT081,MZT-081,,,,,,,,,別抜き,,,,,,,,,,1Fプレス,,12,1001,,,
689,MZT091,MZT-091,,,,,,,,,別抜き,,,,,,,,,,1Fプレス,,12,1001,,,
690,MZT079,MZT-079?,,,,,,,,,別抜き,,,,,,,,,,1Fプレス,,12,1001,,,
692,MZT,MZT,,,,,,2,,,別抜き,,,,,,,,,,MZT2面？,,12,902,,,
693,MZT102,MZT-102,,,,,,,,,別抜き,,,,,,,,,,2F,,12,1001,,,
694,MZT103,MZT-103,,,,,,,,,別抜き,,,,,,,,,,,,12,440,,,
695,DIM010,DIM-010,,,,,使用禁止,,,,別抜き,,,,,,,,,,たてまっすぐ、使用禁止 H19.1.24,横まっすぐカッタNG使用禁止,142,913,,,
697,YKW004,YKW-004,,,,,,,,,別抜き,,,,,,,,,,箱に入っていない,,236,1001,,,
698,MTM129,MTM-129,,,,,,,,,別抜き,,,,,,,,,,箱に入っていない,,9,1001,,,
699,MTM130,MTM-130,,,,,,,,,別抜き,,,,,,,,,,箱に入っていない,,9,1001,,,
700,TE30527,TE-3-052-7,,,,,,,,,別抜き,,,,,,,,,,箱に入っていない,大,93,1001,,,
701,FHBB,Other,,,,,,,,,別抜き,,,,,,,,,,箱に入っていない,小,,1001,,,
703,CMEN,EXD-018,,,,,,,,,別抜き,,,,,,,,,,,刃C面,152,1001,,,
704,689,TE-0-161-9,,,,,,,,,In-Line,,,,,,,,,,インラインカッター,,93,1001,,,
705,KDS無地箱,KDS-118,,,,,,,,,別抜き,,,,,,,,,,無地箱で梱包,485x315,248,1001,,,
706,No412,KDS-053,,,,,,,,,別抜き,,,,,,,,,,無地箱で梱包,,248,1001,,,
707,No438,KDS-057,,,,,,,,,別抜き,,,,,,,,,,無地箱で梱包 新しいカッターある,485x300,248,1001,,,
708,No739,KDS-114,,,,,,,,,別抜き,,,,,,,,,,無地箱で梱包,,248,1001,,,
709,SES005,SES-005,,,,,,,,,別抜き,,,,,,,,,,外面刃号,,285,904,,,
710,TES001,TES-001,,,,,,,,,別抜き,,,,,,,,,,外面刃号,,258,1001,,,
711,TES002,TES-002,,,,,,,,,別抜き,,,,,,,,,,外面刃号,,258,1001,,,
712,TE50520,TE-5-052-0,,,,,,,,,別抜き,,,,,,,,,,外面刃号 AMP高橋さん プレス3号棟にある,,93,1001,,,
713,STF001,STF-001,,,,,,,,,別抜き,,,,,,,,,,外面刃号,台湾機,83,1001,,,
714,SLK113,SLK-113,,,,,,,,,別抜き,,,,,,,,,,外面刃号,台湾機,70,1001,,,
715,AMP.PP,AMP,,,,,,,,,別抜き,,,,,,,,,,外面刃号,台湾機,117,1001,,,
716,AMP,AMP,,,,,,,,,別抜き,,605,292.5,,,,,,,"外面刃号, 大　PP　台湾機?",台湾機,117,920,,,
721,43,YSD-Z-050-1,,,,,,,,PP,別抜き,,,,,,,,,,,PP用,108,442,,,
724,36,ATK-053,,,,,,,,,別抜き,,,,,,,,,,,,337,1001,,,
727,110,TE-1554772-1,,,,,,,,,別抜き,,,,,,,,,,,ダストカバ－,93,1001,,,
728,109,YSD-Z-050-1,,,,,,,,PS,別抜き,,,,,,,,,,,PS用,108,442,,,
729,104,Other,,,,,,,,,別抜き,,,,,,,,,,,,,1001,,,
733,102,BMI-001,,,,,,,,,別抜き,,,,,,,,,,,,295,911,,,
734,157,DIC-083,,,,,,3,,,別抜き,,,,,,,,,,,3面,141,1001,,,
735,162,MZT,,,,,,,,,別抜き,,,,,,,,,,中２F移動,,12,1001,,,
736,89,SPJ-031B,,,,,,,,,別抜き,,,,,,,,,,,,77,911,,,
737,116,MZT-007,,,,,,,,,別抜き,,,,,,,,,,,,12,1001,,,
740,62,TE-3-127-7,,,,,,,,,別抜き,,461,292.5,,2C,,,,,別抜き棚,,93,911,,,
741,123,MZT-013,,,,,,,,,別抜き,,,,,,,,,,,,12,1001,,,
743,64,SMK-014,,,,,,,,,別抜き,,,,,,,,,,,,71,1001,,,
744,65,KSE-007,,,,,,,,,別抜き,,,,,,,,,,,,198,442,,,
745,66,TKS-019,,,,,,,,,別抜き,,,,,,,,,,,,99,901,,,
746,68,OTAX-017,,,,,,,,,別抜き,,,,,,,,,,,,42,911,,,
747,69,ODS-031,,,,,,2,,,別抜き,,,,,,,,,,,,32,911,,,
748,129,CK-004,,,,,,,,,別抜き,,,,,,,,,,,,135,442,,,
749,70,SPJ-018,,,,,,,,,別抜き,,,,,,,,,,,,77,911,,,
750,131,MZT-015,,,,,,,,,別抜き,,,,,,,,,,,,12,1001,,,
751,71,SES-003,,,,,,,,,別抜き,,,,,,,,,,,,285,911,,,
752,132,MZT-016,,,,,,,,,別抜き,,,,,,,,,,,,12,1001,,,
753,72,ODS-032,,,,,,,,,別抜き,,,,,,,,,,,,32,911,,,
754,73,SMK-108,,,,,,,,,別抜き,,,,,,,,,,,,71,1001,,,
755,74,MS-033,,,,,,,,,別抜き,,,,,,,,,,,,5,911,,,
756,76,TE-5-124-6,,,,,,,,,別抜き,,,,,,,,,,,,93,911,,,
757,77,TE-6-142-9 A,,,,,,,,,別抜き,,,,,,,,,,,,93,911,,,
758,78,TE-6-142-9 B,,,,,,,,,別抜き,,,,,,,,,,,,93,911,,,
759,79,TE-7-142-9,,,,,,,,,別抜き,,,,,,,,,,,,93,911,,,
760,80,ODS-037,,,,,,,,,別抜き,,,,,,,,,,,,32,912,,,
761,81,CIPS-002,,,,,,,,,別抜き,,,,,,,,,,,,134,911,,,
762,82,KSP-037AB,,,,,,,,,別抜き,,,,,,,,,,,,199,911,,,
763,83,THK-002,,,,,,,,,別抜き,,,,,,,,,,,,275,911,,,
764,84,CIPS,,,,,,,,,別抜き,,,,,,,,,,,,134,911,,,
765,85,AMP,,,,,,9,,,別抜き,,,,,,,,,,,9面,117,911,,,
767,87,KSE-009,,,,,,,,,別抜き,,,,,,,,,,,,198,1001,,,
768,35,FUJIKURA,,,,,,,,,別抜き,,,,,,,,,,,,,903,,,
769,36,TE-2-145-8,,,,,,,,,別抜き,,335,230,10,10,,,,,V,C10-R10 335x230,93,903,,,
770,37,TE-1279334-1,,,,,,,,,別抜き,,,,,,,,,,,24面,93,903,,,
771,38,AMP-013,,,,,,,,,別抜き,,,,,,,,,,,,117,903,,,
772,39,AMP-014,,,,,,,,,別抜き,,,,,,,,,,,,117,902,,,
773,40,ADV-015,,,,,,,,,別抜き,,,,,,,,,,,,110,902,,,
774,41,レザーシート小56Φｘ33Φ,,,,,,12,,,別抜き,,,,,,,,,,,12面,,902,,,
775,42,テルモ,,,,,,,,,別抜き,,,,,,,,,,,,,902,,,
777,44,NIT-006,,,,,,,,,別抜き,,,,,,,,,,,,22,902,,,
778,45,NPC-011,,,,,,,,,別抜き,,,,,,,,,,,,25,902,,,
779,47,OTAX011,,,,,,,,,別抜き,,,,,,,,,,,,42,902,,,
780,48,KSP-027,,,,,,,,,別抜き,,335,225,,,,,,,,,199,902,,,
781,49,TE-7-141-5,,,,,,,,,別抜き,,,,,,,,,,2ケ入,2ケ入,93,902,,,
782,50,ADV-019,,,,,,3,,,別抜き,,,,,,,,,,,3面,110,911,,,
783,51,KSE,,,,,,,,,別抜き,,,,,,,,,,フタ,,198,902,,,
784,52,YES-001,,,,,,4,,,別抜き,,,,,,,,,,,4面,231,901,,,
785,53,adv021,,,,,,,,,別抜き,,,,,,,,,,ADV002? ADV021?,,110,901,,,
786,54,NPC-013,,,,,,2,,,別抜き,,,,,,,,,,,2面,25,901,,,
787,55,TNX-002,,,,,,,,,別抜き,,,,,,,,,,カッターなし,,102,1001,,,
788,56,NGS-001,,,,,,,,,別抜き,,,,,,,,,,,,18,901,,,
789,57,TMC-018,,,,,,,,,別抜き,,,,,,,,,,,,100,901,,,
790,58,NRK-030,,,,,,,,,別抜き,,,,,,,,,,,,26,1001,,,
791,59,ODS-025,,,,,,2,,,別抜き,,,,,,,,,,,2面,32,1001,,,
792,60,SDK,,,,,,,,,別抜き,,,,,,,,,,,,57,1001,,,
793,67,OTAX-016,,,,,,,,,別抜き,,,,,,,,,,,,42,911,,,
794,36,ADY-054,,,,,,,,,別抜き,,,,,,,,,,新しいカッター有　No236,,111,1001,,,
795,17,SPJ-014,,,,,,,,,別抜き,,,,,,,,,,,,77,1001,,,
796,408,TE-243252-2,,,,,,,,,別抜き,,335,230,,,,,,,,,93,443,,,
797,901,TIH-011,,,,,,,,,In-Line,,406,290,,,,,,,予備,406x290予備,95,451,,,
798,134,KRE-009,,,,,,,,,In-Line,,,,,,,,,,,,196,451,,,
799,509,TDS-003,,,,,,,,,In-Line,,490,240,,,,,,,,490x240,92,451,,,
801,852,MZT-060,,,,,,,,,In-Line,,297,190,,,,,,,水谷,297x190,12,451,,,
807,376,TBG-002,,,,,,,,,In-Line,,30,280,,,,,,,,390x280,90,451,,,
811,9,TE-3-059-1,,,,,,,,,In-Line,,,,,,,,,,自動機,,93,451,,,
814,19,SMK-010,,,,,,,,,In-Line,,,,,,,,,,,,71,451,,,
815,112,GMY-001,,,,,,,,PS,In-Line,,435,250,,,,,,,,435x250,157,451,,,
816,153,TH-014,,,,,,,,,In-Line,PP板,493,340,,C,,,,,,493x340,243,451,,,
817,405,KDS-052,,,,,,,,,In-Line,,485,310,,,,,,,,485x310,248,451,,,
818,27,JR-0,,,,,,,,,In-Line,,493,340,,,,,,,,493x340,179,451,,,
819,72,TE-4-072-3,,,,,,,,,In-Line,,,,,,,,,,,,93,451,,,
820,74-29,JAE-134,,,,,,2,,,In-Line,,330,230,,,,,,,2面,330x230,177,451,,,
821,881,SSM-025,,,,,,2,,PET,In-Line,,297,210,,2C,,,,,"PET, C面２、2面取",297x210,81,451,,,
822,359,TKD-001,,,,,,,,,In-Line,,300,280,,,,,,,,300x280,96,451,,,
823,148,TE-1-110-4,,,,,,4,,,In-Line,,,,,,,,,,4面取り,4面取り,93,452,,,
824,137,SP-016,,,,,,,,,In-Line,,496,,,,,,,,,496x,338,452,,,
825,729,SSM-030,,,,,,,,,In-Line,,302,25,,C,,,,,C面有,302x215,81,452,,,
826,127,SMK-050,,,,,,,,,In-Line,,367,245,,,,,,,,367x245,71,452,,,
827,128,SMK-039,,,,,,,,,In-Line,,248,182,,,,,,,,248x182,71,452,,,
828,142B,KW-025-1,,,,,,,,,In-Line,,435,292.5,,2C,,,,,C面２,435x292.5,250,452,,,
829,150,SLK-112,,,,,,,,,In-Line,,326,258,,,,,,,,326x258,70,452,,,
830,630,DIM-001R,,,,,,,,,In-Line,PP板,450,295,,,,,,,PP板使用,,142,452,,,
831,881,SSM-015,,,,,,2,,PP,In-Line,,297,210,,2C,,,,,,C面２,81,452,,,
832,187,RYK-003,,,,,,,,,In-Line,,420,225,,,,,,,,,51,452,,,
833,149,YPC-007,,,,,,,,,In-Line,,461,335,,,,,,,,,240,452,,,
834,HKS010,HKS-010,,YS19070,,,,,,,In-Line,,334,210,4R10,,,,,,,4R10,162,452,,,
835,17,HKS-001,,,,,,,,PS,In-Line,PP板,367,245,,,,,,,,,162,452,,,
836,180,KSP-002,,,,,,2,,,In-Line,,269,193,,,,,,,小林スプリング,,199,453,,,
837,180,SDS-001,,,,,,,,,In-Line,,322,160,,,,,,,,,251,453,,,
838,181,NSK-006,,,,,,,,,In-Line,,240,320,,,,,,,,,28,453,,,
839,800,KDS-094,,,,,,,,,In-Line,,250,210,,,,,,,,,248,453,,,
840,186,WKS-001,,,,,,,,,In-Line,,335,232,,,,,,,,,228,453,,,
841,108,Other,,,,,,2,,PS,In-Line,,461,292,,2C,,,,,PSの0.4ｍｍ,2C面,,453,,,
842,188,MBS-001,,,,,,,,,In-Line,,348,248,,,,,,,,,209,453,,,
843,189,NSK-015,,,,,,,,,In-Line,,,,,,,,,,タイプ1,,28,453,,,
844,190,NSK-016,,,,,,,,,In-Line,,,,,,,,,,タイプ２,,28,453,,,
845,191,SMK-061,,,,,,2,,,In-Line,,244.5,185.5,,,,,,,,2面取,71,453,,,
846,191,SNK001,,,,,,,,,In-Line,,376,226,,,,,,,,,71,453,,,
847,356,KDS-047,,,,,,,,,In-Line,,490,300,,,,,,,,,248,453,,,
848,192,GMY-012,,,,,,,,,In-Line,,371,260,,,,,,,,,157,453,,,
849,193,KSP-006,,,,,,,,,In-Line,,280,256,,,,,,,,,199,453,,,
850,212,QA-007,,,,,,,,,In-Line,,348,155,,,,,,,,,48,454,,,
851,219,HKS-003,,,,,,,,,In-Line,,425,280,,,,,,,,,162,454,,,
852,834,DIS-001,,,,,,,,,In-Line,,380,290,,,,,,,,,268,454,,,
853,409,ZD,,,,,,,,,別抜き,,415,336,,,,,,,別抜き,,,454,,,
854,221,ODS-010,,,,,,2,,,In-Line,,185,168,,,,,,,? 461x292.5,,32,454,,,
855,222,NRK-001,,,,,,,,,In-Line,,350,290,,,,,,,348x288,アルミ,26,454,,,
856,223,ODS,,,,,,,,,In-Line,,321,271,,,,,,,,,32,454,,,
857,224,SK-026,,,,,,,,,In-Line,,,,,,,,,,,,65,454,,,
858,226,TE-0-129-7,,,,,,,,,In-Line,,335,230,,,,,,,,1256水同じ-C面大,93,454,,,
859,221,SMK-090,,,,,,,,,In-Line,,245,180,,,,,,,,,71,454,,,
860,230,SKS-001,,,,,,,,,In-Line,,300,150,,,,,,,,,69,454,,,
861,959,TE-3-160-9,,,,,,,,,別抜き,,,,,,,,,,別抜き用,,93,454,,,
862,246,TE-7-135-4,,,,,,,,,In-Line,,325,216,,,,,,,,,93,454,,,
863,247,HKS-002,,,,,,2,,,In-Line,,268,198,,,,,,,,2面,162,454,,,
864,760,SSJ-009,,,,,,,,,In-Line,,380,290,,,,,,,,,256,454,,,
865,213,TE-8-110-9,,,,,,,,,In-Line,,,,,,,,,,ZA,,93,454,,,
866,1001,K-23,,,,,,,,,In-Line,PP板,408,327,,,,,,,PP板使用,,,454,,,
867,568,YSD-F-200-2B,,,,,,,,,In-Line,,461,292.5,,,,,,,,,108,454,,,
868,705,SSK-006 R2,,,,,,2,,,In-Line,,232,220,,,,,,,,,80,454,,,
869,777,ZA,,,,,,,,,別抜き,,,,,,,,,,プレス,,,454,,,
870,967,KDS-136,,,,,,,,,In-Line,,315,245,,,,,,,,,248,454,,,
871,955,ENT-001,,,,,,,,,In-Line,,,,,,,,,,,,309,454,,,
872,896,KDS-118,,YS20067,20.8.25,,NG,2,250,PP,In-Line,,315,230,2R8,2C6,,,318.9,232.9,使用禁止,PP,248,454,,,
873,177,KRE-015,,,,,,,,,In-Line,,461,290,,,,,,,,,196,461,,,
874,645,SJI-001,,,,,,,,,In-Line,PP板,390,295,,,,,,,PP板,,63,461,,,
875,89,YPC-002,,,,,,,,,In-Line,,485,243,,,,,,,古い？,,240,461,,,
876,728,KDS-074,,,,,,,,,In-Line,,450,330,,,,,,,,C面,248,461,,,
877,SONY,Other,,,,,,,,,In-Line,,324,254,R8,C8,,,,,ソニー　12.4.18 (ケース変更必要）,"C8, R8",,461,,,
878,160,DIC-001,,,,,,,,,In-Line,,390,330,,,,,,,,,141,461,,,
879,98,SK-009,,,,,,,,,In-Line,,386,239,,,,,,,,,65,461,,,
880,116,FJK-001,,,,,,,,,In-Line,,325,243,,,,,,,,,155,461,,,
881,SK010,SK-010,,YS11029,,,,,,PS,In-Line,,386,189,,,,,,,PS 0.5t x515,PS0.5x515,65,461,,,
882,110,SMK-028,,,,,,,,,In-Line,,367,245,,,,,,,,,71,461,,,
883,118,FJK-002,,,,,,,,,In-Line,,213,90,,,,,,,通板,,155,461,,,
884,218,TMF,,,,,,,,,In-Line,,461,292.5,,,,,,,,,93,461,,,
885,124,HMP-001,,,,,,,,,In-Line,,378,198,,,,,,,,,163,461,,,
886,157,TE21109,,,,,,,,,In-Line,,300,290,,,,,,,,,93,462,,,
887,158,TH-029,,,,,,,,,In-Line,,250,250,,,,,,,,,243,462,,,
888,152,KOK,,,,,,,,,In-Line,,353,255,,,,,,,,,193,462,,,
889,734,GMY-095R,,,,,,,,,In-Line,,450,335,,,,,,,,,157,462,,,
890,164,SK-046,,,,,,,,,In-Line,,493,310,,,,,,,,,65,462,,,
891,167B,TE-0-021-7,,,,,,,,,In-Line,,250,230,,C,,,,,共用,C面１,93,462,,,
892,167A,AMP,,,,,,,,,In-Line,,250,230,,,,,,,,,117,462,,,
893,171,YFG-001,,,,,,,,PS,In-Line,,487,252.5,,,,,,,PS0.48x550 スタ20番,Kタイプ　スタ20番,232,462,,,
894,172,SLK-117,,,,,,,,,In-Line,,493,308,,,,,,,,,70,462,,,
895,176,TE-2-110-4,,,,,,,,,In-Line,,,,,,,,,,,,93,462,,,
896,178,NPC-003,,,,,,,,,In-Line,,360,276,,,,,,,,,25,462,,,
897,179,ADV-006,,,,,,,,,In-Line,,235,190,,,,,,,,,110,462,,,
898,858,YCM-044,,,,,,,,,In-Line,,445,315,,,,,,,,,230,462,,,
899,585,KDS-070,,,,,,,,,In-Line,,475,335,,,,,,,,,248,462,,,
900,208,GMY-023,,,,,,,,,In-Line,,330,209,,,,,,,アルミカッター,,157,462,,,
901,194,TE-1-019-2 R,,,,,,,,,In-Line,,394.8,283,,,,,,,,,93,463,,,
902,195,TKS-006,,,,,,,,,In-Line,,295,227,,,,,,,,,99,463,,,
903,59,HOKUTO,,,,,,,,,In-Line,,,,,,,,,,,,165,463,,,
904,197,KSP-009,,,,,,,,,In-Line,,340,320,,,,,,,,,199,463,,,
905,198,NRK-005,,,,,,,,,In-Line,,400,270,,,,,,,,,26,463,,,
906,199,AMP-010,,,,,,,,,In-Line,,428,278,,,,,,,,,117,463,,,
907,200,SGK-001,,,,,,,,,In-Line,,371,238,,,,,,,,,279,463,,,
908,201,KRE-031,,,,,,,,,In-Line,,480,275,,,,,,,,,196,463,,,
909,202,DIC-003B,,,,,,,,,In-Line,,200,150,,,,,,,,,141,463,,,
910,203,DIC,,,,,,,,,In-Line,,283,275,,,,,,,,,141,463,,,
911,205,KSP-010,,,,,,,,,In-Line,,308,230,,,,,,,,,199,463,,,
912,207,ADV-007,,,,,,,,,In-Line,,184,125,,,,,,,,,110,463,,,
913,211,ADV-014,,,,,,,,,In-Line,,,,,,,,,,,,110,463,,,
914,852,YCM-042,,,,,,,,PET,In-Line,,418,294,,,,,,,PET 0.38t,PET0.38,230,464,,,
915,254,Other,,,,,,,,,In-Line,,344,292.5,,,,,,,C面なし,C面なし,,464,,,
916,267,SNT-004,,,,,,,,,In-Line,,370,320,,,,,,,,,74,464,,,
917,268,SK-037,,,,,,,,,別抜き+In-Line,,386,249,,,,,,,別抜き,,65,464,,,
918,273,KRE-037T,,,,,,,,,In-Line,,297,,,,,,,,,,196,464,,,
919,278,GMY-036,,,,,,,,,In-Line,,295,250,,,,,,,GMY036新,,157,464,,,
920,284,NRK-024,,,,,,,,,In-Line,,402,317,,,,,,,,,26,464,,,
921,289,KDS-026,,,,,,,,,In-Line,,395,340,,,,,,,,,248,464,,,
922,290,SK-039R,,,,,,,,,In-Line,PP板,440,313,,C,,,,,PP板,C面,65,464,,,
923,250,SMK-094,,,,,,2,,,In-Line,,,,,,,,,,,2面,71,464,,,
924,299,KRE-045,,,,,,,,,In-Line,,440,285,,,,,,,,,196,464,,,
925,498,ADY-064,,,,,,,,,In-Line,,333,330,,,,,,,,,111,464,,,
926,471,SJK-004,,,,,,,,,In-Line,,350,200,,2C,,,,,,2C面,281,464,,,
927,75,RYK-002,,,,,,,,,In-Line,,470,230,,,,,,,,三光ライト,51,465,,,
928,794,ORM-002,,,,,,2,,,In-Line,,300,195,,,,,,,,2面,40,465,,,
929,804,SJI-010,,,,,,,,,In-Line,,365,295,,,,,,,スタTIH-001,,63,465,,,
930,867,HIN-001,,,,,,,,,In-Line,,312,210,,,,,,,,,161,465,,,
931,854,DIC-106,,,,,,,,,In-Line,,405,310,,,,,,,,,141,465,,,
932,383,KKC001,,,,,,,,,In-Line,,372,289,,,,,,,KKK?,,291,465,,,
933,823,ORM-005,,,,,,,,,In-Line,,408,308,,,,,,,,,40,465,,,
934,902,TIH-016,,,,,,,,,In-Line,,406,298,,,,,,,,,95,465,,,
935,473,TKD007,,,,,,,,,In-Line,,380,280,,,,,,,,,96,465,,,
936,877,MMT-006,,,,,,,,PET,In-Line,,415,280,,,,,,,,PET,218,474,,,
937,724,ADY-097,,,,,,,,,In-Line,,395,275,,C,,,,,手欠けC面1ケあり,手欠けC面1ケあり,111,474,,,
938,434,COT003B,,,,,,,,,In-Line,,260,230,,,,,,,,,136,474,,,
939,833,SMK-186,,,,,,,,,In-Line,,350,240,,,,,,,,,71,474,,,
940,513,SJK-005,,,,,,,,,In-Line,,330,200,,,,,,,,,281,474,,,
941,510,OOT003,,,,,,,,,In-Line,,455,305,,,,,,,,,38,474,,,
942,876,MMT005,,,,,,,,,In-Line,,450,300,,,,,,,,,9,474,,,
943,517,OOT-004AB,,,,,,,,,In-Line,,420,290,,,,,,,スタ254,,38,474,,,
944,712,FDK-005,,,,,,,,,In-Line,,270,175,,,,,,,,,153,474,,,
945,750,OOT-021,,,,,,,,,In-Line,,395,310,,,,,,,,,38,474,,,
946,755,AAT005,,,,,,,,,In-Line,,450,220,,,,,,,,,109,474,,,
947,755,IWD-001,,,,,,,,,In-Line,,415,275,,,,,,,,,176,474,,,
948,867,OMG-005,,,,,,,,,In-Line,,355,226,,,,,,,,,36,474,,,
949,807,TE-7-936993-3,,,,,,,,PS,In-Line,PP板,460,290,,,,,,,,PS用の⑥PP板OK,93,474,,,
950,971,KWE-001,,,,,,,,,In-Line,,306,190,,,,,,,,,202,474,,,
951,858,MMT-001,,,,,,,,PP,In-Line,,415,250,,,,,,,Gỗ YCM-042 chỗ nối),PP用,218,474,,,
952,146,GMY004,,,,,,,,,In-Line,,360,220,,,,,,,,,157,474,,,
953,743,OOT-022,,,,,,,,,In-Line,,490,320,,,,,,,,,38,474,,,
955,OOT043,OOT-043,,YS24046,,,,,,,In-Line,,456,295,4R20,,,,,,,4R20,38,861,,,
956,TE24232521旧,TE-2423252-1,,YS23058,,,NG,,,,In-Line,,305,227,2R10,2C10,,,,,新カッタあり（1006）VIET - 2024.08.30),2R10-2C10,93,861,,,
957,777,JAE-180,,,,,,,,,In-Line,,,,,,,,,,,,177,302,,,
959,JAE146,JAE-146,,,,,,,,,In-Line,,,,,,,,,,,,177,302,,,
962,700,NHK-001,,,,,,,,,In-Line,,375,25,,,,,,,,,21,431,,,
963,777,TIH-011,,,,,,,,,In-Line,,406,290,,,,,,,,,95,431,,,
964,703,TNX-004,,,,,,,,,In-Line,,330,270,,,,,,,,,102,431,,,
965,917,OOT-022,,,,,,,,,In-Line,,490,320,,,,,,,,,38,431,,,
966,JAE191,JAE-191,,,,,,,,,In-Line,,,,,,,,,,,,177,431,,,
967,372,SPJ-046,,,,,,,,,In-Line,,,,,,,,,,別抜き,,77,431,,,
968,883,KGP-001,,,,,,,,,In-Line,,350,285,,,,,,,,,186,431,,,
969,95,JAE-223,,,,,,,,,In-Line,,503,353,,,,,,,DaoCao,,177,431,,,
970,817,NHK-009,,,,,,,,,In-Line,,390,260,,,,,,,,,21,431,,,
971,918,ASH-002,,,,,,,,,In-Line,,420,297,,,,,,,,,123,431,,,
972,440,KDS-116,,,,,,,,,In-Line,,395,315,,2C,,,,,,2C面,248,431,,,
973,868,ATS-002,,,,,,,,,In-Line,,,,,,,,,,NHK,,125,431,,,
974,777,ADY-062,,,,,,,,,In-Line,,350,250,,,,,,,,,111,431,,,
975,74-6,Other,,,,,,,,,In-Line,,,,,,,,,,,,,431,,,
976,1008.2,SMK-025,,,,,,,,,In-Line,PP板,,,,,,,,,PP板,New2C,71,431,,,
977,KSPInline,KSP-Inline,,,,,,,,,In-Line,,,,,,,,,,,,199,432,,,
978,791,SMK-183,,,,,,,,,In-Line,,395,300,,,,,,,,,71,432,,,
979,1021,TE-014,,,,,,,,PP,In-Line,,465,295,,,,,,,,PP,93,432,,,
980,11,TE-7-129-2,,,,,,,,PET,In-Line,,335,230,,,,,,,,PET,93,432,,,
981,917,ODS-051,,,,,,,,,In-Line,,400,275,,,,,,,,,32,432,,,
982,793,TIH-013,,,,,,,,,In-Line,,455,335,,,,,,,ZD,,95,432,,,
983,768,ODS-044,,,,,,,,,In-Line,PP板,,,,,,,,,PP板,,32,432,,,
984,880,TSP-003,,,,,,,,,In-Line,,289.5,186.5,,,,,,,,,219,432,,,
985,1017,ASH-004,,,,,,,,,In-Line,,420,297,,,,,,,Dao Cao,,123,432,,,
986,918,MZT-128,,,,,,,,,In-Line,,450,300,,,,,,,,,12,432,,,
987,870,SMK-203,,,,,,,,PET,In-Line,,360,234,,,,,,,PET0.38SI,,71,432,,,
988,THP007,THP-007,,YS24040,,,,,,,In-Line,,461,320,4R10,,,,,,,4R10,94,432,,,
989,210,YSD-G-035-1,,,,,,,,PS,In-Line,PP板,328,254,,,,,326,258,Do lai kich thuoc,,108,432,,,
990,916,SRI-002,,,,,,,,,In-Line,,300,190,,,,,,,,,79,432,,,
991,293,YSD-Z-100-1,,,,,,2,,,In-Line,PP板,,,,,,,,,PP板,2面,108,432,,,
992,TNX004,TNX-004,,,,,,,,,In-Line,,,,,,,,,,,,102,433,,,
993,JAE251,JAE-251,,,,,,,,,別抜き,,,,,,,,,,,,177,430,,,
994,NSM002,NSM-002,,,,,,,,,別抜き,,,,,,,,,,,,29,430,,,
995,TE31616,TE-3-161-6,,,,,,,,,別抜き,,585.7,268.2,,,,,,,,,93,430,,,
996,TE50520,TE-5-052-0,,YS21008,,,,,,,別抜き,,609,292.5,4R10,,,,,,,4R10,93,430,,,
997,HAK001,HAK-001,,YS19208,,,,,,,別抜き,,165,120,4R8,,,,,,,4R8,159,430,,,
999,41P962A,Other,,,,,,,,,別抜き,,,,,,,,,,,,,441,,,
1001,964,STF-009,,,2022.9.22,,,,,,別抜き,,,,,,,,,,次回量産別抜きで使用する,2022.9.22次回は別抜きで使用する,83,441,,,
1003,No.Z6694,YPK,,,,,,,,,別抜き,,,,,,,,,,,2021.10.6,339,441,,,
1004,OHBASEIKEN,Other,,,,,,,,,別抜き,,,,,,,,,,,,,441,,,
1006,402,JAE-220,,,,,,,,,別抜き,,,,,,,,,,,,177,443,,,
1009,ATS020,ATS-020,,,,,,,,,別抜き,,,,,,,,,,,,125,440,,,
1010,ATS021,ATS-021,,YS22027,,,,,,,別抜き,,585,395,2R5 R5,C20,,,,,フタ,2R25-R5-C20,125,440,,,
1011,TE47209998,TE-4-720999-8,,,,,,,,,別抜き,,,,,,,,,,,,93,440,,,
1012,TE10248,TE-1-024-8,,,,,,,,,別抜き,,,,,,,,,,,,93,440,,,
1013,Te10559,TE-1-055-9,,,,,,,,,別抜き,,,,,,,,,,,,93,440,,,
1014,TE50521,TE-5-052-1,,,,,,,,,別抜き,,,,,,,,,,,,93,440,,,
1015,DIM017,DIM-017,,,,,,,,,別抜き,,,,,,,,,,,,142,440,,,
1016,YMS002,YSM-002,,,,,,,,,別抜き,,,,,,,,,,,,237,440,,,
1017,TUK002,TUK-002,,,,,,,,,別抜き,,,,,,,,,,,,221,440,,,
1018,JAE261,JAE-261,,,,,,,,,別抜き,,,,,,,,,,,,177,440,,,
1019,TE70507,TE-7-050-7,,,,,,,,,別抜き,,,,,,,,,,,,93,440,,,
1020,te24283821,TE-2428382-1,,,,,,,,,別抜き,,,,,,,,,,,,93,440,,,
1021,Te01569,TE-0-156-9,,,,,,,,,別抜き,,334,276,,,,,,,334x276,,93,440,,,
1023,TE01569,TE-0-156-9 Ver2,,,,,,,,,別抜き,,332,274,,,,,,,332x274,,93,440,,,
1024,PNS010,PNS-010,,,,,,,,,別抜き,,,,,,,,,,,,46,440,,,
1025,PNS011,PNS-011,,,,,,,,,別抜き,,,,,,,,,,,,46,440,,,
1026,JAE289,JAE-289,,,,,,,,,別抜き,,,,,,,,,,,,177,440,,,
1027,DHA003,DHA-003,,YS23077,,,,,,,別抜き,,,,,,,,,,,2φ15,140,440,,,
1028,673.2,YCM-034,,,,,,,,,In-Line,,,,,,,,,,,,230,1001,,,
1030,369,Other,,,,,,,,,In-Line,,461,292.5,,C,,,,,,C面1,,1001,,,
1033,DIC148,DIC148,,YS24049,,,,,,,別抜き,,410,370,,,,,,,切刃：1.0ｘ100ｈ 坂田さん,DIC(410x370-4R10),141,703,,,
1034,DIC148,DIC-148,,YS24050,,,,,,,In-Line,,410,370,4R10,,,,,,切刃：1.0ｘ100ｈ 坂田さん -YS2404,74C(430x390-4R20) IN-LINE,141,703,,,
1035,TE31616,TE-3-161-6,,YS24048,808,,NG,1,,PP,In-Line,,585.7,268.2,2R10,2C12,,,593.5,271.5,NG:長手方向3.8ｍｍ長いの為、抜型再作成必要（YSD24048-822）,,93,702,,,
1036,TE31616,TE-3-161-6,,YS24048,822,,In Use,1,,PP,In-Line,,585.7,268.2,2R10,2C12,,,589.7,271.5,再作成 長手方向マイナス3.8mmにします。（交差内に入っているがまだ0.5ｍｍ長い）,,93,702,,,
1037,1042,TDW-001 R3,,YS24052,24.8.23,,,1,,PS,In-Line,,450,220,4R10,,,,450,220,,,351,844,,,
1038,584,ARK-001,,YDPOT0031,,,In Use,,,,In-Line,,470,310,,,,,0,0,8号機 h80,h80,121,481,,,
1039,583,ARK-001,,YDPOT0031,,,,,,,In-Line,,470,310,,,,,0,0,刃高,,121,481,,,
1040,569,OOT-005,,YS13030,25.11.01,,,,,,In-Line,,390,295,,,,,0,0,,,38,481,,,
1041,570,SPK-001,,YDPY0243,,,,,,,In-Line,,308,280,,,,,0,0,h60,,78,481,,,
1043,573,TE-1-157-1,,,,,,,,,In-Line,,432,279,2R10,2C12,,,0,0,h60,,93,481,,,
1044,574,KKG-003,,YS14014,26.03.18,,,2,,,In-Line,,225,185,,,,,0,0,h60,,187,481,,,
1045,575,SMK-168,,,,,,,,,In-Line,,367,245,,,,,0,0,,,71,481,,,
1046,576,YMT-006,,,,,,,,,In-Line,,373,312,,,,,0,0,,,238,481,,,
1047,577,OOT-011,,,,,,2,,,In-Line,,279,218,,,,,0,0,,,38,481,,,
1048,578,MZT-070,,,,,,,,,In-Line,,390,300,,,,,0,0,,,12,481,,,
1049,579,YCM-029,,,,,,,,,In-Line,,230,200,,,,,0,0,,,230,481,,,
1050,581,YSDG,,YS19019,,,,,,PP,In-Line,,321,254,,,,,323.5,256.5,アルミ　G-035-1以外（寸法違い）,,108,481,,,
1052,1043,YGE-002,,YS24054,24.9.06,,,1,,PP,In-Line,,450,330,4R10,,,,0,0,,,254,844,,,
1054,602,YMT-007,,,,,,,,,In-Line,,373,312,,,,,0,0,,,238,482,,,
1055,602,DIC-016,,ydpy0261,,,,,,,In-Line,,407,270,,,,,0,0,DIC-015 ->違い,,141,482,,,
1056,601,JAE-004,,YS22058,22.09.01,,,,,,In-Line,,275,275,,2C18,,,0,0,,,177,482,,,
1057,600,SSM-014,,,,,,,,,In-Line,,470,335,,,,,0,0,,,81,482,,,
1058,597,NGK-002,,,,,,,,,In-Line,,347,322,,,,,0,0,,,17,482,,,
1060,596,OOT-013,,,,,,,,,In-Line,,440,300,,,,,0,0,,,38,482,,,
1061,594,NSE-001,,,,,,2,,,In-Line,,297,190,,,,,0,0,,,27,482,,,
1062,593,JAE-229,,YS16106,28.11.14,,,,,,In-Line,No,350,262,,,,,351.5,262,,,177,482,,,
1063,591,ADY-074,,,,,,,,,In-Line,No,300,143,,,,,0,0,,,111,482,,,
1064,590,ALP-001,,,,,,,,,In-Line,,,,,,,,0,0,,,116,482,,,
1066,589,JAE-013,,YS16107,28.11.14,,,,,,In-Line,,400,280,,,,,0,0,h60,,177,482,,,
1068,589xx,JAE-013,,ydpy0251,,,,,,,In-Line,,400,280,3R,1C,,,0,0,xx => 8号機OK,,177,482,,,
1069,588,KOG-001,,,,,,,,,In-Line,PP板,,,,,,,0,0,KSC-001別抜き・PP板使用,,191,482,,,
1070,587,TKO-001,,,,,,,,,In-Line,,440,260,,,,,0,0,,,98,482,,,
1072,586,JAE-012,,,,,,,,,In-Line,,275,275,,,,,0,0,,,177,482,,,
1073,ODS055,ODS-055,,YS24020,24.09.04,,,4,,PP,別抜き,,200,140,4R10,,,,0,0,,,32,700,,,
1074,NPK001,NPK-001,,YS24053,24.8.30,,,1,,,In-Line,,185,135,4R10,,,,0,0,,,,700,,,
1075,585,KDS-070,,,,,,,,,In-Line,,,,,,,,0,0,,,,482,,,
1078,603,OOT-014,,,,,,,,,In-Line,,435,220,,,,,0,0,,,,483,,,
1085,604,TNR-001,,,,,,,,,In-Line,,345,285,,,,,0,0,スタ73,,,483,,,
1086,605,JAE-019,,,,,,,,,In-Line,PP板,270,270,,4C,,,0,0,PP板使用,,,483,,,
1087,607,TOK-001,,,,,,,,,In-Line,,298.5,171,,,,,0,0,水出,,,483,,,
1088,607,SKS-013,,,,,,,,,In-Line,,488,255,,,,,0,0,,,,483,,,
1090,609,ADY-076,,,,,,,,,In-Line,,389,245,,,,,0,0,,,111,483,,,
1092,611,MZT-007,,YS20010,20.02.03,,,2,,,In-Line,,300,200,4R15,,,,0,0,新 NTDYW003NK φ17 C49B310,NTDYW003NK φ17; C49B310 マグネットアッシー,,483,,,
1093,612,NHC-001,,,,,,,,,In-Line,,370,290,,,,,0,0,,,,483,,,
1094,614,SZT-001,,,,,,,,,In-Line,,402,301,,,,,0,0,,,,483,,,
1096,613,OOT-016,,,,,,,,,In-Line,,360,240,,,,,0,0,,,,483,,,
1097,616,ADY-079,,,,,,,,,In-Line,,420,300,,C,,,0,0,スタ MTE002 230番,,111,483,,,
1098,617,MZT-015,,,,,,,,,In-Line,,460,260,,,,,0,0,アルミ,,,483,,,
1099,618,ADV-033,,,,,,2,,,In-Line,,245,175,,,,,0,0,,,110,483,,,
1103,620,SSM-017,,,,,,2,,,In-Line,,277,202,,,,,0,0,,,,483,,,
1104,621,KND-006,,,,,,,,,In-Line,,275,220,,,,,0,0,,,,484,,,
1109,624,JAE-028,,,,,,,,,In-Line,,460,280,,,,,0,0,,,,484,,,
1110,629,JAE-024,,,,,,,,,In-Line,,270,270,,2C,,,0,0,,,,484,,,
1112,630,SWT-001,,,,,,,,,In-Line,,300,225,,,,,0,0,,,,484,,,
1117,632,MTM-085,,,,,,,,,In-Line,,283,205,,2C,,,0,0,,,,484,,,
1119,633,MYS-001,,YS15016,,,,,,,In-Line,,316,216,4R,,,,0,0,318x216 h60,,,484,,,
1121,633,MYS-001,,ydpy0292,,,,,,,In-Line,,319,219,,,,,0,0,,,,484,,,
1122,635,MIC-001,,,,,,,,,In-Line,,,,,,,,0,0,スタ LKS-004 218番,,,484,,,
1123,636,ADY-082,,,,,,,,,In-Line,,275,275,,,,,0,0,,,111,484,,,
1125,592,KDS-071,,,,,,,,,In-Line,,315,230,,2C,,,0,0,490別抜OK,,,484,,,
1126,638,NSE-002,,,,,,,,,In-Line,,256,231,,,,,0,0,,,,484,,,
1127,721,AZK-001,,,,,,,,,In-Line,,361,243,,,,,0,0,,,,491,,,
1129,518,MZT-045,,,,,,,,,In-Line,,,,,,,,0,0,,,,491,,,
1131,519,MZT-062,,,,,,,,,In-Line,,369,200,,,,,0,0,,,,491,,,
1133,520,MZT-048,,,,,,,,,In-Line,,,,,,,,0,0,,,,491,,,
1136,521,MTE,,,,,,,,,In-Line,,420,320,,,,,0,0,,,,491,,,
1137,522,TII-001,,,,,,,,,In-Line,,438,318,,,,,0,0,,,,491,,,
1138,524,HRT-001,,,,,,,,,In-Line,,,,,,,,0,0,,,,491,,,
1139,525,KDS-065,,,,,,,,,In-Line,,,,,,,,0,0,,,,491,,,
1141,528,YCM-023,,,,,,,,,In-Line,,,,,,,,0,0,,,,491,,,
1144,529,MZT-065,,,,,,,,,In-Line,,,,,,,,0,0,,,,491,,,
1145,563,TBG-003,,,,,,,,,In-Line,,330,330,,,,,0,0,"旧カッタ有, 6,7,8のC面S",,,491,,,
1146,601,JAE,,,,,,,,,In-Line,,270,270,,,,,0,0,刃の高さ注意,,,491,,,
1147,722,AAT-004T,,,,,,,,,In-Line,,250,250,,,,,0,0,,,109,491,,,
1148,426,MZT-032,,,,,,,,,In-Line,,,,,,,,0,0,,,,492,,,
1149,723,AAT-004B,,,,,,,,,In-Line,,250,250,,,,,0,0,,,109,492,,,
1152,530,MZT-067,,,,,,,,,In-Line,,,,,,,,0,0,,,,492,,,
1153,540,ITS-002,,,,,,,,PET,In-Line,,242,178,,,,,0,0,新抜型,,,492,,,
1154,575,KGM-005,,,,,,2,,,In-Line,,315,242,,,,,0,0,ZC,,,492,,,
1155,533,KND-004,,,,,,,,,In-Line,,,,,,,,0,0,,,,492,,,
1156,531,JAE-001,,,,,,,,,In-Line,,275,275,,,,,0,0,,,,492,,,
1157,535,LKS-005,,,,,,,,,In-Line,,430,320,,,,,0,0,,,,492,,,
1158,537,SSM-035,,,,,,,,,In-Line,,420,297,,,,,0,0,,,,492,,,
1159,538,OOT-007,,,,,,2,,,In-Line,,275,214,,,,,0,0,,,,492,,,
1160,539,OOT-005,,,,,,,,,In-Line,,390,295,,,,,0,0,,,,492,,,
1161,541,HCP-001,,,,,,,,,In-Line,,320,160,,,,,0,0,,,,492,,,
1162,757,AAT-006,,,,,,,,,In-Line,,350,270,,,,,0,0,,,109,492,,,
1163,534,TE-8-127-0,,,,,,,,PP,In-Line,,,,,,,,0,0,,,,492,,,
1164,746,OOT-013,,,,,,,,,In-Line,,455,285,,,,,0,0,,,,493,,,
1165,752,DIC-040,,,,,,,,,In-Line,,290,260,,,,,0,0,,,,493,,,
1166,542,TE-6-156-0,,,,,,,,,In-Line,,428,278,,1C,,,0,0,,,,493,,,
1167,546,TE-8-156-5,,,,,,,,,In-Line,,327,225,,2C,,,0,0,,,,493,,,
1168,547,YCM-026,,,,,,,,,In-Line,,,,,,,,0,0,,,,493,,,
1169,544,DIC-015,,,,,,,,,In-Line,,407,270,,,,,0,0,,,,493,,,
1170,548,OOT-009,,,,,,2,,,In-Line,,,,,,,,0,0,,,,493,,,
1171,550,ADY-070,,,,,,,,,In-Line,,300,233,,,,,0,0,,,111,493,,,
1172,552,KGM-004,,,,,,2,,,In-Line,,245,190,,,,,0,0,,,,493,,,
1173,553,KGM-003,,,,,,2,,,In-Line,,190,170,,,,,0,0,,,,493,,,
1174,799,JAE-129,,,,,,,,,In-Line,,270,270,,4C,,,0,0,,,,494,,,
1175,697,TEP-001,,,,,,,,,In-Line,,355,235,,,,,0,0,,,,494,,,
1177,726,JAE-103,,,,,,,,,In-Line,,354,264,,1C,,,0,0,,,,501,,,
1178,567,TE-4-156-2R,,,,,,,,,In-Line,,,,,,,,0,0,新,,,501,,,
1180,566,ADY-073,,,,,,,,,In-Line,,345,230,,,,,0,0,,,111,501,,,
1181,565,PNS-003B,,,,,,,,,In-Line,,,,,,,,0,0,,,,501,,,
1183,564,ADY-072,,,,,,,,,In-Line,,,,,,,,0,0,,,111,501,,,
1184,661,GMY-093,,,,,,,,,In-Line,,460,336,,,,,0,0,,,,501,,,
1186,562,CST-007,,,,,,,,,In-Line,,256,196,,,,,0,0,,,,501,,,
1188,559,CST-006,,,,,,2,,,In-Line,,,,,,,,0,0,,,,501,,,
1189,558,TIH-002,,,,,,,,,In-Line,,445,320,,,,,0,0,,,,501,,,
1190,557,MZT-007,,,,,,,,,In-Line,,300,200,,,,,0,0,,,,501,,,
1191,556,KKG-002,,,,,,2,,,In-Line,,,,,,,,0,0,,,,501,,,
1192,555,SSM-005,,,,,,,,,In-Line,,,,,,,,0,0,,,,501,,,
1193,695,TBG-010,,,,,,,,,In-Line,,352,252,,,,,0,0,,,,501,,,
1194,DIC137,DIC-137,,YS14024,26.5.22,,,,,,In-Line,,450,335,,,,,0,0,別抜き利用可,,,501,,,
1195,571,ODS-042,,,,,,2,,,In-Line,,188,170,,,,,0,0,,,,501,,,
1196,426,MZT-032,,,,,,,,,In-Line,,,,,,,,0,0,,,,501,,,
1197,731,TIH-010,,,,,,,,,In-Line,,440,246,,,,,0,0,,,,501,,,
1198,791,SMK-183,,,,,,,,,In-Line,,395,330,,,,,0,0,6号機専用,,,501,,,
1199,862,AON-001,,,,,,,,,In-Line,,425,245,,,,,0,0,,,158,501,,,
1200,683,SSM019,,,,,,2,,,In-Line,,297,210,,,,,0,0,,,,501,,,
1201,861,SMK-198,,,,,,,,,In-Line,,374,244,,,,,0,0,,,,501,,,
1202,640,NAC-001,,,,,,,,,In-Line,PP板,490,330,,,,,0,0,PP板,,,502,,,
1206,762,KDS-090,,,,,,,,,In-Line,,485,316,,C,,,0,0,,,,502,,,
1207,846,TSP-001,,,,,,,,,In-Line,,450,338,,,,,0,0,,,,502,,,
1208,847,SJK-007,,,,,,2,,,In-Line,,330,200,,C,,,0,0,,,,502,,,
1209,642,KAR-001,,,,,,,,,In-Line,,450,317,,,,,0,0,,,,502,,,
1211,717,TSB-001,,,,,,2,,,In-Line,,420,156,,,,,0,0,,,,502,,,
1212,694,SZT-005,,,,,,,,,In-Line,,420,335,,,,,0,0,,,,502,,,
1216,688,TOK-003,,,,,,,,,In-Line,,297.5,270.4,,,,,0,0,,,,502,,,
1218,687,TOK-002,,,,,,,,,In-Line,,298.5,339.4,,,,,0,0,,,,502,,,
1220,676,ADY-089,,,,,,,,,In-Line,,220,220,,2C,,,0,0,,,111,502,,,
1222,673,YCM-034,,,,,,,,,In-Line,,346,273,,,,,0,0,,,,502,,,
1224,671,KND-009,,,,,,,,,In-Line,,380,240,,,,,0,0,,,,502,,,
1226,670,SJI-002,,,,,,,,,In-Line,,280,246.5,,,,,0,0,,,,502,,,
1228,860,TOK-004,,,,,,,,,In-Line,,340,270,,,,,0,0,,,,502,,,
1229,615,SSM-016,,YS14067,26.11.14,,,2,,,In-Line,,297,210,,,,,300,211.5,,,,502,,,
1230,903,SSK-009,,,,,,,,,In-Line,,180,138,,C6,,,0,0,,,,502,,,
1232,909,DIC-134,,,,,,,,,In-Line,,266,266,,,,,0,0,,,,502,,,
1234,911,JAE-193,,YS21005,21.01.25,,,,,,In-Line,,270,270,4R10,,,,0,0,刃高,,,502,,,
1235,900,JAE-212,,YS20098,20.11.07,,,,,,In-Line,,275,275,4R10,,,,0,0,刃高,,,502,,,
1236,666,YCM-033,,,,,,,,,In-Line,,450,290,,,,,0,0,,,,503,,,
1238,665,JAE-034,,,,,,,,,In-Line,,273,273,,,,,0,0,,,,503,,,
1240,644,KND-007,,,,,,,,,In-Line,,385,245,,,,,0,0,,,,503,,,
1242,663,DIM-002,,,,,,,,,In-Line,,,,,,,,0,0,,,,503,,,
1244,648,RKK-001,,,,,,,,,In-Line,,395,320,,,,,0,0,,,,503,,,
1246,649,ADY-086,,,,,,,,,In-Line,,420,300,,2C,,,0,0,手前大,,111,503,,,
1247,650,YCM-031,,,,,,,,,In-Line,,370,340,,,,,0,0,,,,503,,,
1249,668,TE-9-127-0,,,,,,,,,In-Line,,,,,,,,0,0,,,,503,,,
1252,652,SZT-003,,,,,,,,,In-Line,,455,285,,,,,0,0,,,,503,,,
1254,653,YCM-032,,,,,,,,,In-Line,,435,280,,,,,0,0,,,,503,,,
1256,654,ADY-087,,,,,,2,,,In-Line,,210,190,,,,,0,0,,,111,503,,,
1258,655,GMY-092,,,,,,,,,In-Line,,375,193,,,,,0,0,,,,503,,,
1260,656,ETS-035,,,,,,,,,In-Line,,486,330,,2C,,,0,0,手前2C,,,503,,,
1262,658,JAE-036,,,,,,,,,In-Line,,275,275,,,,,0,0,,,,503,,,
1264,659,Other,,,,,,,,,別抜き,,400,320,,,,,0,0,JAE049使用不可,,,503,,,
1265,748,OTAX-020,,,,,,,,,In-Line,,488,192,,,,,0,0,,,,503,,,
1267,825,SHT-004,,,,,,,,,In-Line,PP板,380,265,,,,,0,0,PP板,,,503,,,
1269,662,TSS-002,,,,,,,,,In-Line,,380,295,,,,,0,0,,,,503,,,
1272,660,JAE-049,,,,,,,,,In-Line,,400,320,,,,,0,0,,,,503,,,
1273,936,YCM-065,,,,,,,,,In-Line,,420,297,,,,,0,0,,,,504,,,
1275,972,TE-2434480-1,,,,,,,,PS,In-Line,PP板,305,205,,,,,0,0,PP板,,,504,,,
1276,970,TE-4-159-2,,,,,,,,,In-Line,PP板,461,292.5,,2C,,,0,0,PP板,,,504,,,
1277,935,MZT-134,,,,,,,,,In-Line,,287,287,,,,,0,0,,,,500,,,
1279,928,JAE-239,,,,,,,,,In-Line,,,,,,,,0,0,,,,500,,,
1281,917,TYJ-001,,,,,,,,,In-Line,,360,300,,,,,0,0,新,,,500,,,
1283,956,ENT-002,,YS19093,19.10.07,,,,,,In-Line,,,,,,,,0,0,,,,500,,,
1284,GMY001,GMY-001,,,,,,,,,In-Line,,435,250,,2C10,,,0,0,1F予備,,,500,,,
1285,924,KOS-008,,,,,,,,,In-Line,,420,297,,,,,0,0,,,,500,,,
1286,TBG028,TBG-028,,YS22050,20.06.17,,,,,,In-Line,,370,250,4R10,,,,0,0,,,,500,,,
1287,DIC141,DIC-141,,,,,,,,PS,In-Line,PP板,,,,,,,0,0,PP板,,,500,,,
1288,908,MZT-099,,YS22069,22.10.03,,,,,,In-Line,,345,273,4R10,,,,0,0,,,,500,,,
1289,981,SSK-010,,,,,,,,PS,In-Line,,,,,,,,0,0,,,,500,,,
1291,965,TOK-005,,,,,,,,,In-Line,,355,269,,,,,0,0,,,,500,,,
1292,NPK002,,,,,,,,,PP,In-Line,,,,4R10,,280,280,,,,,,700,,,
1293,889,,,,,,,,,,In-Line,,,,,,,,,,,,,511,,,
1294,387,,,,,,,,,,In-Line,,395,250,,,,,,,,,,511,,,
1295,385,,,,,,,,,,In-Line,,498,222,,,,,,,,,,511,,,
1297,382,,,,,,,,,,In-Line,,400,315,,,,,,,,,,511,,,
1299,383,,,,,,,,,,In-Line,,,,,,,,,,,,,511,,,
1300,380,,,,,,,,,,別抜き+In-Line,,,,,,,,,,ZD 別抜き専用,,,511,,,
1301,379,,,,,,,,,,In-Line,,445,330,,,,,,,,,,511,,,
1302,375,,,,,,,,,,In-Line,,338,218,,,,,,,,,,511,,,
1304,374,,,,,,,,,,In-Line,,471,240,,,,,,,,,,511,,,
1305,373,,,,,,,,,,In-Line,,376,302,,,,,,,,,,511,,,
1306,371,,,,,,,,,,In-Line,,,,,,,,,,,,,511,,,
1307,370,,,,,,,,,,In-Line,,,,,,,,,,,,,511,,,
1308,367,,,,,,,,,,In-Line,,480,278,,,,,,,,,,511,,,
1309,545,,,,,,,,,,In-Line,,297,245,,,,,,,,,,511,,,
1310,328,,,,,,,,,,In-Line,,,,,,,,,,,,,511,,,
1312,657,,,,,,,,,,In-Line,,273,273,,,,,,,,,,512,,,
1313,719,,,,,,,,,,In-Line,,,,,,,,,,,,,512,,,
1314,895,,,,,,,,,,In-Line,,305,238,,,,,,,,,,512,,,
1315,362,,,,,,,,,,In-Line,,300,230,,,,,,,,,,512,,,
1316,361,,,,,,,,,,In-Line,,,,,,,,,,,,,512,,,
1317,360,,,,,,,,,,In-Line,,297,207,,2C,,,,,,,,512,,,
1318,357,,,,,,,,,,In-Line,,,,,,,,,,,,,512,,,
1319,355,,,,,,,2,,,In-Line,PP板,250,202,,,,,,,,,,512,,,
1320,354,,,,,,,,,,In-Line,,344,334.2,,,,,,,,,,512,,,
1321,352,,,,,,,,,,In-Line,,345,225,,,,,,,,,,512,,,
1322,351,,,,,,,,,,In-Line,,300,210,,,,,,,,,,512,,,
1323,349,,,,,,,,,,In-Line,,485,290,,,,,,,,,,512,,,
1324,346,,,,,,,,,,In-Line,,,,,,,,,,,,,512,,,
1325,343,,,,,,,,,,In-Line,,,,,,,,,,,,,512,,,
1326,342,,,,,,,,,,In-Line,,,,,,,,,,,,,512,,,
1327,ADY340x200,ADY,,,,,,,,,In-Line,,340,200,,,,,,,,,,512,,,
1328,340,,,,,,,,,,In-Line,,460,285,,,,,,,,,,513,,,
1329,338,,,,,,,,,,In-Line,,340,290,,,,,,,,,,513,,,
1330,337,,,,,,,,,,In-Line,,300,290,,,,,,,,,,513,,,
1331,335,,,,,,,2,,,In-Line,,240,180,,,,,,,,,,513,,,
1332,334,,,,,,,,,,In-Line,,330,240,,,,,,,,,,513,,,
1333,333,,,,,,,,,,In-Line,,,,,,,,,,,,,513,,,
1334,332,,,,,,,,,,In-Line,,,,,,,,,,,,,513,,,
1335,331,,,,,,,,,,In-Line,,,,,,,,,,,,,513,,,
1336,330,,,,,,,,,,In-Line,,250,250,,,,,,,,,,513,,,
1338,320,,,,,,,,,,In-Line,,363.5,256,,,,,,,,,,513,,,
1340,324,,,,,,,,,,In-Line,,,,,,,,,,,,,513,,,
1341,321,,,,,,,,,,In-Line,,,,,,,,,,,,,513,,,
1342,319,,,,,,,,,,In-Line,,220,220,,,,,,,,,,513,,,
1343,318,,,,,,,,,,In-Line,,,,,,,,,,,,,514,,,
1344,317,,,,,,,,,,In-Line,,220,190,,,,,,,,,,514,,,
1345,316,,,,,,,,,,In-Line,,292.5,203,,,,,,,,,,514,,,
1346,315,,,,,,,,,,In-Line,,,,,,,,,,,,,514,,,
1347,313,,,,,,,,,,In-Line,,,,,,,,,,,,,514,,,
1348,312,,,,,,,,,,In-Line,,432,279,,,,,,,,,,514,,,
1349,309,,,,,,,,,,In-Line,,295,250,,,,,,,,,,514,,,
1350,307,,,,,,,2,,,In-Line,,,,,,,,,,Cタイプ,,,514,,,
1352,305,,,,,,,,,,In-Line,,,,,,,,,,,,,514,,,
1353,304,,,,,,,,,,In-Line,,,,,,,,,,,,,514,,,
1354,298,,,,,,,,,,In-Line,,315,250,,,,,,,,,,514,,,
1356,300,,,,,,,,,,In-Line,,315,250,,,,,,,,,,514,,,
1358,295,,,,,,,,,,In-Line,,320,260,,,,,,,,,,514,,,
1359,293,,,,,,,2,,,In-Line,PP板,256,203,,,,,,,,,,514,,,
1363,35B,,,,,,,,,,In-Line,PP板,344,292.5,,,,,,,アルミ,,,510,,,
1364,393,IMT003,,,,,,,,,In-Line,,,,,,,,,,,,,521,,,
1366,394,TDS001,,,,,,,,,In-Line,,330,250,,,,,,,,,,521,,,
1368,178,CPL002,,,,,,,,,In-Line,,310,235,,,,,,,,,,521,,,
1369,396,MZT021,,,,,,,,,In-Line,,,,,,,,,,,,,521,,,
1370,398,Other,,,,,,,,,別抜き+In-Line,,498,332,,,,,,,別抜き用,,,521,,,
1371,402,,,,,,,2,,,In-Line,,300,200,,,,,,,,,,521,,,
1372,406,,,,,,,,,,In-Line,,320,180,,,,,,,ℍ,,,521,,,
1373,401,,,,,,,,,,In-Line,,,,,,,,,,,,,521,,,
1374,404,,,,,,,,,,In-Line,,,,,,,,,,,,,521,,,
1375,403,,,,,,,,,,In-Line,,480,295,,,,,,,,,,521,,,
1377,443,,,,,,,,,,別抜き,,,,,,,,,,STA259,,,521,,,
1378,417,,,,,,,,,,In-Line,,485,315,,,,,,,,,,521,,,
1379,419,,,,,,,,,,In-Line,,,,,,,,,,TIH-005R?,,,521,,,
1380,297,,,,,,,,,,In-Line,,276,188,,2C,,,,,,,,521,,,
1381,910,,,,,,,,,,In-Line,,266,266,,,,,,,,,,521,,,
1383,91?,,,,,,,,,,In-Line,,,,,,,,,,,,,521,,,
1384,196,,,,,,,,,,In-Line,,276,188,,,,,,,,,,521,,,
1385,131,,,,,,,,,,In-Line,,,,,1C,,,,,,,,521,,,
1386,391,,,,,,,2,,,In-Line,,245,160,,,,,,,,,,521,,,
1387,236,,,,,,,,,,In-Line,,340,246,,,,,,,,,,521,,,
1389,412,,,,,,,,,,In-Line,,320,301,,,,,,,,,,521,,,
1390,413,Other,,,,,,,,,In-Line,,283,205,,,,,,,,,,521,,,
1391,420,,,,,,,,,,In-Line,,,,,,,,,,,,,522,,,
1392,421,,,,,,,,,,In-Line,,,,,,,,,,,,,522,,,
1393,425,,,,,,,,,,In-Line,,420,190,,,,,,,,,,522,,,
1394,427,,,,,,,,,,In-Line,,300,200,,,,,,,,,,522,,,
1395,430,,,,,,,,,,In-Line,,430,330,,,,,,,,,,522,,,
1396,133,,,,,,,,,,In-Line,,415,265,,2C,,,,,,,,522,,,
1397,435,,,,,,,,,,In-Line,,400,300,,,,,,,スタSZT-001,,,522,,,
1398,436,,,,,,,,,,In-Line,,380,340,,,,,,,,,,522,,,
1399,437,,,,,,,,,,In-Line,,290,150,,,,,,,,,,522,,,
1402,438,,,,,,,,,,In-Line,,485,300,,,,,,,,,,522,,,
1405,440,,,,,,,,,,In-Line,,395,315,,,,,,,,,,522,,,
1406,441,,,,,,,,,,In-Line,,325,260,,,,,,,,,,522,,,
1407,446,,,,,,,,,,In-Line,,420,320,,,,,,,,,,522,,,
1408,449,,,,,,,2,,PP,In-Line,,255,175,,,,,,,,,,522,,,
1409,450,,,,,,,,,,In-Line,,324,276,,2C,,,,,,,,522,,,
1412,451,,,,,,,,,,In-Line,,435,,,,,,,,,,,522,,,
1413,452,,,,,,,,,,In-Line,,340,290,,,,,,,,,,523,,,
1414,456,,,,,,,,,,In-Line,,245,180,,,,,,,,,,523,,,
1415,TIH005,,,,,,,,,,In-Line,,,,,,,,,,,,,523,,,
1416,457,,,,,,,,,,In-Line,,340,220,,,,,,,,,,523,,,
1417,458,,,,,,,,,,In-Line,,,,,,,,,,,,,523,,,
1422,460,,,,,,,,,,In-Line,,330,244,,,,,,,,,,523,,,
1426,461,,,,,,,,,,In-Line,,370,260,,,,,,,,,,523,,,
1430,462,,,,,,,,,,In-Line,,365,,,,,,,,,,,523,,,
1432,463,,,,,,,,,,In-Line,,,,,,,,,,,,,523,,,
1434,464,,,,,,,,,,In-Line,,,,,,,,,,,,,523,,,
1435,465,,,,,,,,,,In-Line,,,,,,,,,,,,,523,,,
1437,466,,,,,,,,,,In-Line,,,,,,,,,,,,,523,,,
1439,469,,,,,,,,,,In-Line,,,,,,,,,,,,,523,,,
1441,472,,,,,,,,,,In-Line,,330,230,,1C,,,,,,,,523,,,
1444,475,,,,,,,,,,In-Line,,305,205,,,,,,,,,,523,,,
1446,477,,,,,,,,,,In-Line,,413,232,,,,,,,,,,523,,,
1447,478,,,,,,,,,,In-Line,,,,,,,,,,ベニヤ (489アルミ)?,,,524,,,
1448,480,,,,,,,,,,In-Line,,277,188,,,,,,,,,,524,,,
1450,481,,,,,,,,,,In-Line,,,,,,,,,,,,,524,,,
1451,484,,,,,,,,,,In-Line,,,,,,,,,,,,,524,,,
1452,485,,,,,,,,,,In-Line,,300,250,,,,,,,,,,524,,,
1453,486,,,,,,,,,,In-Line,,435,295,,,,,,,,,,524,,,
1454,487,,,,,,,,,,In-Line,,297,210,,,,,,,,,,524,,,
1455,488,,,,,,,,,,In-Line,,360,280,,,,,,,,,,524,,,
1457,489,,,,,,,,,,In-Line,,,,,,,,,,アルミ (478ベニヤ）,,,524,,,
1458,490,,,,,,,,,,In-Line,,292.5,276,,,,,,,,,,524,,,
1459,493,,,,,,,,,,In-Line,,330,240,,,,,,,,,,524,,,
1460,495,,,,,,,,,,In-Line,PP板,360,280,,,,,,,,,,524,,,
1464,496,,,,,,,2,,,In-Line,,,,,,,,,,,,,524,,,
1465,499,,,,,,,2,,,In-Line,,265,170,,C,,,,,,,,524,,,
1475,S253,GMY086,,,,,,,,,スタッキング,,435,295,,,,,,,下31,,,541,,,
1479,S252,NGT001,,,,,,,,,スタッキング,,,,,,,,,,中下 HKS001,,,541,,,
1481,S251,,,,,,,,,,スタッキング,,,,,,,,,,中オケ KDS051,,,541,,,
1482,894,,,,,,,,,,In-Line,,444,287,,,,,,,MZT087T,,,540,,,
1483,S292,,,,,,,,,,スタッキング,,,,,,,,,,,,,551,,,
1486,306,,,,,,,,,,In-Line,,333,275,,,,,,,,,,551,,,
1487,699,TE61570,,,,,,,,,In-Line,,,,,,,,,,,,,552,,,
1501,700,SMK181,,,,,,,,,In-Line,,,,,,,,,,,,,552,,,
1502,698,smk180,,,,,,,,,In-Line,,,,,,,,,,,,,552,,,
1503,S294,,,,,,,,,,スタッキング,,,,,,,,,,,,,551,,,
1504,S295,,,,,,,,,,スタッキング,,,,,,,,,,,,,551,,,
1505,S295,,,,,,,,,,スタッキング,,,,,,,,,,,,,551,,,
1506,S296,,,,,,,,,,スタッキング,,,,,,,,,,,,,551,,,
1507,S297,,,,,,,,,,スタッキング,,,,,,,,,,"OK A, ZD 別抜き用",,,551,,,
1508,S298,,,,,,,,,,スタッキング,,273,273,,,,,,,,,,551,,,
1509,S300,,,,,,,,,,スタッキング,,,,,,,,,,,,,551,,,
1511,S301,,,,,,,,,,スタッキング,,,,,,,,,,,,,551,,,
1513,S302,,,,,,,,,,スタッキング,,,,,,,,,,,,,551,,,
1514,S303,,,,,,,,,,スタッキング,,,,,,,,,,,,,551,,,
1515,S304,,,,,,,,,,スタッキング,,,,,,,,,,,,,552,,,
1517,S298,JAE035,,,,,,,,,スタッキング,,273,273,,,,,,,OK 中専用or 2,,,552,,,
1520,S305,,,,,,,,,,スタッキング,,,,,,,,,,,,,552,,,
1522,S306,,,,,,,,,,スタッキング,,,,,,,,,,,,,552,,,
1523,S307,,,,,,,,,,スタッキング,,,,,,,,,,,,,552,,,
1525,S308,,,,,,,,,,スタッキング,,,,,,,,,,,,,552,,,
1526,S309,,,,,,,,,,スタッキング,,,,,,,,,,,,,552,,,
1527,S310,,,,,,,,,,スタッキング,,,,,,,,,,,,,552,,,
1528,S311,,,,,,,,,,スタッキング,,,,,,,,,,,,,552,,,
1529,692,HYS001,,,,,,,,,In-Line,,,,,,,,,,,,,553,,,
1530,709,YCM036R,,,,,,,,,In-Line,,,,,,,,,,,,,553,,,
1532,PS050,PS050,,,,,,,,,In-Line,,321,254,,,,,,,,,,553,,,
1534,ydpy0170,Other,,,,,,,,,In-Line,,,,,,,,,,2013-2-2C,,,553,,,
1535,681,,,,,,,,,,In-Line,,,,,,,,,,,,,553,,,
1537,S312,,,,,,,,,,スタッキング,,,,,,,,,,,,,553,,,
1539,S313,,,,,,,,,,スタッキング,,,,,,,,,,,,,553,,,
1541,STA.TGB013,,,,,,,,,,スタッキング,,,,,,,,,,,,,553,,,
1543,S314,,,,,,,,,,スタッキング,,,,,,,,,,,,,553,,,
1545,S582,,,,,,,,,,スタッキング,,,,,,,,,,,,,553,,,
1548,S578,,,,,,,,,,スタッキング,,,,,,,,,,,,,553,,,
1550,606,,,,,,,,,,In-Line,,308,238,,,,,,,,,,553,,,
1551,500,,,,,,,,,,In-Line,,,,,C,,,,,C手前,,,554,,,
1552,501,,,,,,,,,,In-Line,,305,247,,,,,,,,,,554,,,
1554,504,,,,,,,,,,In-Line,,300,250,,C,,,,,プレス,,,554,,,
1556,508,,,,,,,,,,In-Line,,435,220,,,,,,,Dao cao,,,554,,,
1558,506,,,,,,,,,,In-Line,,386,252,,,,,,,,,,554,,,
1560,507,,,,,,,,,,In-Line,,,,,,,,,,,,,554,,,
1562,799,,,,,,,,,,In-Line,,,,,,,,,,φ190x0,,,554,,,
1564,897,,,,,,,,,,In-Line,,415,255,,,,,,,,,,554,,,
1569,255,,,,,,,,,,In-Line,,480,330,,,,,,,,,,554,,,
1570,512,,,,,,,,,,In-Line,,300,190,,2C,,,,,,,,554,,,
1572,511,,,,,,,,,,In-Line,,300,,,2C,,,,,,,,554,,,
1573,514,,,,,,,,,,In-Line,,284,254,,,,,,,,,,554,,,
1575,515,,,,,,,,,,In-Line,,420,297,,,,,,,,,,554,,,
1577,516,,,,,,,,,,In-Line,,461,292.5,,C,,,,,C大,,,554,,,
1578,893,,,,,,,,,,In-Line,,450,293,,,,,,,,,,554,,,
1598,235,,,,,,,,,,In-Line,,461,,,,,,,,自動機 アルミ,,,440,,,
1608,S253,,,,,,,,,,スタッキング,,,,,,,,,,SNK-089専用,,,541,,,
1611,173,,,,,,,,,,In-Line,,370,250,,,,,,,,,,571,,,
1612,182,,,,,,,,,,In-Line,,340,235,,,,,,,,,,571,,,
1614,187,,,,,,,,,,In-Line,,325,165,,,,,,,J TYPE,,,571,,,
1615,77,Other,,,,,,,,,In-Line,,,,,,,,,,大　2Ｃ,,,571,,,
1617,145,,,,,,,,,,In-Line,,152,152,,,,,,,,,,571,,,
1619,43,,,,,,,,,PP,In-Line,,,,,,,,,,中央工機,,,571,,,
1620,60,,,,,,,,,,In-Line,PP板,,,,,,,,,,,,571,,,
1621,727,,,,,,,,,PET,In-Line,,328,225,,2C,,,,,PET GR0.6,,,571,,,
1622,572,,,,,,,,,PS,In-Line,PP板,321,254,,,,,321,254,G-035-1以外（寸法違い）,,,571,,,
1624,209,,,,,,,,,,In-Line,,295,180,,,,,,,,,,571,,,
1625,217,V,,,,,,,,,別抜き,,,,,,,,,,Vタイプ (スタ83),,,571,,,
1627,21,,,,,,,,,,In-Line,,,,,,,,,,,,,571,,,
1628,12,,,,,,,,,,In-Line,,244.5,185.5,,,,,,,,,,572,,,
1629,73,,,,,,,,,,In-Line,,,,,,,,,,,,,572,,,
1630,117,,,,,,,,,,In-Line,,,,,,,,,,,,,572,,,
1633,229,,,,,,,,,,In-Line,,335,230,,,,,,,,,,572,,,
1634,641,,,,,,,,,,In-Line,,350,240,,,,,,,,,,572,,,
1636,14,,,,,,,,,,In-Line,,390,282,,,,,,,スタ146,,,572,,,
1637,637,,,,,,,,,,In-Line,PP板,,,,,,,,,,,,572,,,
1639,123,,,,,,,,,,In-Line,,260,152,,,,,,,,,,572,,,
1640,461,,,,,,,,,,In-Line,,,,,,,,,,,,,572,,,
1642,5,,,,,,,,,,In-Line,PP板,344,292.5,,,,,,,,,,572,,,
1643,35A,,,,,,,,,,In-Line,,344,292,,,,,,,,,,572,,,
1645,610,,,,,,,,,,In-Line,,480,220,,,,,,,,,,572,,,
1646,83,,,,,,,,,,In-Line,,307,265,,,,,,,,,,573,,,
1648,7,,,,,,,,,,別抜き,,,,,,,,,,Q タイプ　別抜き,,,573,,,
1649,185,,,,,,,,,,In-Line,,374,314,,,,,,,,,,573,,,
1651,174,,,,,,,,,,In-Line,,335,230,,1C,,,,,,,,573,,,
1655,183,,,,,,,,,,In-Line,,,,,,,,,,PPベニヤ,,,573,,,
1657,264,,,,,,,,,,In-Line,,335,280,,2C,,,,,,,,573,,,
1659,55,,,,,,,,,,In-Line,,290,220,,,,,,,,,,573,,,
1661,716,,,,,,,,,,In-Line,,300,200,,,,,,,,,,573,,,
1663,689,,,,,,,,,,In-Line,,305,205,,2C,,,,,,,,573,,,
1665,204,,,,,,,,,,In-Line,,328,164,,,,,,,,,,573,,,
1667,674,,,,,,,,,,In-Line,,,,,,,,,,,,,573,,,
1669,82,,,,,,,,,,In-Line,,300,200,,,,,,,セガ,,,573,,,
1671,598,,,,,,,,,,In-Line,,,,,,,,,,,,,573,,,
1675,693,,,,,,,,,,In-Line,PP板,333,275,,2C,,,,,,,,574,,,
1676,42,,,,,,,,,,In-Line,,315,270,,,,,,,,,,574,,,
1678,623,,,,,,,,,,In-Line,,,,,,,,,,,,,574,,,
1679,664,,,,,,,,,,In-Line,,330,165,,,,,,,,,,574,,,
1681,147,,,,,,,,,,In-Line,PP板,315,264,,,,,,,,,,574,,,
1683,24,,,,,,,,,,In-Line,,333,275,,,,,,,,,,574,,,
1685,161,,,,,,,,,,In-Line,,360,165,,,,,,,,,,574,,,
1689,165,,,,,,,,,,In-Line,,330,220,,,,,,,NPC,,,574,,,
1691,543,,,,,,,,,,In-Line,,272.5,272.5,,,,,,,,,,574,,,
1693,175,,,,,,,,,,In-Line,,335,230,,,,,,,,,,574,,,
1696,S136,,,,,,,,,,スタッキング,,,,,,,,,,OK4,,,574,,,
1700,54,,,,,,,,,,In-Line,,342,270,,,,,,,別,,,581,,,
1701,532,,,,,,,2,,,In-Line,,,,,,,,,,つなぎ禁止,,,581,,,
1703,228,,,,,,,,,,In-Line,PP板,330,135,,,,,,,,,,581,,,
1705,549,,,,,,,,,,In-Line,,330,255,,,,,,,,,,581,,,
1707,907,,,,,,,,,,In-Line,,315,230,,2C,,,,,,,,581,,,
1709,129,,,,,,,,,,In-Line,,290,180,,,,,,,,,,581,,,
1711,39,,,,,,,,,,In-Line,PP板,485,243,,,,,,,,,,581,,,
1713,NOKIA,,,,,,,,,,In-Line,,,,,,,,,,A,,,581,,,
1715,74,,,,,,,,,,In-Line,,,,,,,,,,,,,581,,,
1717,216,,,,,,,,,,In-Line,,330,215,,,,,,,アルミ,,,581,,,
1719,15,,,,,,,,,,In-Line,,,,,,,,,,,,,581,,,
1721,165,,,,,,,,,,In-Line,,275,200,,,,,,,,,,581,,,
1723,114,,,,,,,,,,In-Line,,,,,,,,,,共用,,,581,,,
1725,708,,,,,,,,,,In-Line,,315,230,,,,,,,,,,581,,,
1727,701,,,,,,,,,,In-Line,,310,300,,,,,,,,,,581,,,
1729,225,,,,,,,,,,In-Line,,,,,,,,,,,,,581,,,
1736,1051,,,YS24074,24.12.24,,,1,,,In-Line,,370,285,4R10,,,,,,YS24074,,,854,,,
1737,74-3,,,,,,,,,,In-Line,,480,270,,,,,,,,,,801,,,
1739,937,,,,,,,,,,In-Line,,398,246,,,,,,,,,,801,,,
1741,74-6,,,,,,,,,,In-Line,,555,325,,,,,,,,,,801,,,
1743,BOC001,,,YS17141,,,,,,,In-Line,,420,240,4R10,,,,,,,,,801,,,
1745,956,ENT002,,,,,,,,,In-Line,,480,230,,,,,,,,,,802,,,
1747,958,,,,,,,,,,In-Line,PP板,315,210,,,,,,,,,,802,,,
1749,959,,,,,,,,,,In-Line,,335,288,,,,,,,,,,802,,,
1751,960,,,,,,,2,,,In-Line,PP板,175,125,,,,,,,,,,802,,,
1752,963,,,,,,,,,,In-Line,,320,240,,,,,,,,,,802,,,
1754,973,,,,,,,,,,In-Line,,395,275,,,,,,,,,,802,,,
1756,975,,,,,,,,,,In-Line,PP板,255,170,,,,,,,,,,802,,,
1757,976,,,,,,,,,,In-Line,,289,144,,,,,,,,,,802,,,
1759,978,,,,,,,,,PS,In-Line,PP板,340,240,,,,,,,,,,802,,,
1760,979,,,,,,,,,,In-Line,,490,290,,,,,,,,,,802,,,
1762,980,,,,,,,,,,In-Line,,330,330,,,,,,,,,,802,,,
1764,981,,,,,,,,,,In-Line,,290,170,,,,,,,,,,802,,,
1766,874,,,,,,,,,,In-Line,,341,270,,,,,,,,,,803,,,
1768,875,,,,,,,,,,In-Line,,280,280,,,,,,,,,,803,,,
1770,878,,,,,,,,,,In-Line,,460,320,,,,,,,,,,803,,,
1772,879,,,,,,,,,,In-Line,,300,215,,,,,,,,,,803,,,
1774,880,,,,,,,,,,別抜き,,,,,,,,,,別抜き,,,803,,,
1775,880,,,,,,,,,,In-Line,,310,280,,,,,,,,,,803,,,
1776,882,,,,,,,,,,In-Line,,272,272,,,,,,,,,,803,,,
1778,883,,,,,,,,,,In-Line,,356,285,,,,,,,,,,803,,,
1780,884,,,,,,,,,,In-Line,,380,190,,,,,,,,,,803,,,
1782,891,,,,,,,,,,In-Line,,250,180,,2C,,,,,,,,803,,,
1783,893,,,,,,,,,,In-Line,,443,286,,,,,,,,,,803,,,
1785,893,,,,,,,,,,In-Line,,330,270,,2C,,,,,,,,803,,,
1787,893,,,,,,,,,PP,In-Line,,333,275,,,,,,,,,,803,,,
1788,897,,,,,,,,,,In-Line,,330,330,,,,,,,,,,803,,,
1790,898,,,,,,,,,,In-Line,,316,245,,,,,,,,,,803,,,
1792,801,,,,,,,2,,,In-Line,,170,155,,,,,,,,,,804,,,
1794,802,,,,,,,,,,In-Line,,345,295,,,,,,,,,,804,,,
1796,803,,,,,,,,,,In-Line,,300,280,,,,,,,,,,804,,,
1798,805,,,,,,,,,,In-Line,,305,195,,,,,,,,,,804,,,
1799,806,,,,,,,,,,In-Line,,280,200,,,,,,,,,,804,,,
1801,808,,,,,,,,,,In-Line,,370,244,,,,,,,,,,804,,,
1803,809,,,,,,,,,,In-Line,,270,270,,,,,,,,,,804,,,
1805,811,,,,,,,,,,In-Line,,285.5,285.5,,2C,,,,,スタ171,,,804,,,
1807,813,,,,,,,,,,In-Line,,400,305,,,,,,,,,,804,,,
1809,814,,,,,,,,,,In-Line,,328,274,,,,,,,,,,804,,,
1812,815,,,,,,,,,,In-Line,,275,213,,,,,,,,,,804,,,
1814,816,,,,,,,,,,In-Line,,297,210,,2C,,,,,,,,804,,,
1816,817,,,,,,,,,,In-Line,,340,240,,,,,,,,,,804,,,
1818,818,,,,,,,,,,In-Line,,380,340,,,,,,,,,,804,,,
1820,819,,,,,,,,,,In-Line,,225,150,,2C,,,,,,,,804,,,
1823,667,,,,,,,,,,In-Line,,330,160,,,,,,,,,,805,,,
1825,675,,,,,,,,,,In-Line,,,,,,,,,,,,,805,,,
1827,678,,,,,,,,,,In-Line,,330,160,,,,,,,,,,805,,,
1828,679,,,,,,,,,,In-Line,,315,250,,,,,,,,,,805,,,
1830,680,,,,,,,,,,In-Line,,300,200,,2C,,,,,,,,805,,,
1832,682,,,,,,,,,,In-Line,,,,,,,,,,,,,805,,,
1834,684,,,,,,,,,,In-Line,,300,225,,,,,,,,,,805,,,
1836,643,,,,,,,,,,In-Line,,325,160,,,,,,,,,,805,,,
1838,685,,,,,,,2,,,In-Line,,273,165,,,,,,,,,,805,,,
1840,672,,,,,,,,,,In-Line,,386,252,,,,,,,,,,805,,,
1842,634,,,,,,,,,,In-Line,,340,230,,,,,,,,,,805,,,
1844,690,,,,,,,,,,In-Line,,315,245,,C,,,,,,,,805,,,
1846,691,,,,,,,,,,In-Line,,345,245,,,,,,,,,,805,,,
1848,692,,,,,,,,,,In-Line,,285.5,285.5,,,,,,,,,,805,,,
1850,702,,,,,,,2,,,In-Line,,335,195,,,,,,,,,,805,,,
1851,AMP432x279,,,,,,,,,,In-Line,,432,279,,,,,,,,,,811,,,
1855,74-72,,,,,,,,,,In-Line,,355,255,,,,,,,,,,811,,,
1858,74-16,,,,,,,2,,,In-Line,,,,,,,,,,,,,811,,,
1859,340,,,,,,,,,,In-Line,,,,,,,,,,,,,811,,,
1862,MYS005,,,YS20018,,,,4,,,In-Line,,,,,,,,,,YS20018,,,811,,,
1863,MZT102,,,,,,,,,,In-Line,,,,,,,,,,,,,811,,,
1865,OSI,,,,,,,,,,In-Line,,,,,,,,,,,,,811,,,
1867,982,,,,,,,,,PET,In-Line,,270,260,,,,,,,,,,812,,,
1869,74-10,,,,,,,,,,In-Line,,580,350,,,,,,,DIC033別抜き,,,812,,,
1871,KDS086,,,,,,,,,,In-Line,,,,,,,,,,,,,812,,,
1873,ADY101,,,,,,,,,,In-Line,,,,,,,,,,,,,812,,,
1875,74-90,,,,,,,,,,In-Line,,580,280,,,,,,,,,,812,,,
1880,320,,,,,,,,,,In-Line,,325,160,,,,,,,,,,812,,,
1882,317,,,,,,,,,,In-Line,,,,,,,,,,,,,812,,,
1884,315,,,,,,,,,,In-Line,,,,,,,,,,,,,812,,,
1886,299,,,,,,,,,,In-Line,,270,270,,,,,,,オケ　中板２番　Or　JAE専用,,,812,,,
1889,903,,,,,,,,,,In-Line,,330,165,,,,,,,Kタイプ,,,813,,,
1891,905,,,,,,,,,,In-Line,,,,,,,,,,,,,813,,,
1894,913,,,,,,,,,,In-Line,,360,240,,,,,,,,,,813,,,
1896,914,,,,,,,,,,In-Line,,485,330,,,,,,,,,,813,,,
1898,915,,,,,,,,,,In-Line,,315,225,,,,,,,,,,813,,,
1902,915,,,,,,,,,,In-Line,,430,260,,,,,,,,,,813,,,
1904,915,,,,,,,,,,In-Line,,350,250,,,,,,,,,,813,,,
1906,916,,,,,,,,,,In-Line,,315,230,,,,,,,,,,813,,,
1908,917,,,,,,,,,,In-Line,,270,270,,,,,,,,,,813,,,
1910,919,,,,,,,,,,In-Line,,290,290,,,,,,,,,,813,,,
1912,919,,,,,,,,,,In-Line,,450,300,,,,,,,,,,813,,,
1914,921,,,,,,,,,,In-Line,,200,148,,,,,,,,,,813,,,
1915,926,,,,,,,,,,In-Line,,,,,,,,,,,,,813,,,
1918,933,,,,,,,,,,In-Line,,264,238,,,,,,,,,,813,,,
1920,934,,,,,,,,,,In-Line,,336,288,,1C,,,,,,,,813,,,
1922,820,,,,,,,,,,In-Line,,185,100,,2C,,,,,,,,814,,,
1924,821,,,,,,,,,,In-Line,,285,260,,,,,,,,,,814,,,
1926,822,,,,,,,,,,In-Line,,314,237,,,,,,,,,,814,,,
1928,824,,,,,,,,,,In-Line,,340,240,,,,,,,,,,814,,,
1930,826,,,,,,,,,,In-Line,,346,241,,,,,,,,,,814,,,
1932,827,,,,,,,,,,In-Line,,358,253,,,,,,,,,,814,,,
1934,828,,,,,,,,,,In-Line,,289,289,,,,,,,D タイプ,,,814,,,
1936,829,,,,,,,,,,In-Line,PP板,462,280,,,,,,,,,,814,,,
1937,830,,,,,,,,,PS,In-Line,PP板,105,185,,,,,,,,,,814,,,
1939,831,,,,,,,,,,In-Line,,330,260,,2C,,,,,,,,814,,,
1941,835,,,,,,,,,,In-Line,,297,240,,,,,,,,,,814,,,
1943,836,,,,,,,,,,In-Line,,320,260,,,,,,,手付けあり　スタSHT-004,,,814,,,
1945,836,,,,,,,,,,In-Line,,215,140,,2C,,,,,,,,814,,,
1947,837,,,,,,,,,,In-Line,,285,285,,,,,,,Cなし,,,814,,,
1949,838,,,,,,,,,,In-Line,,475,315,,,,,,,,,,814,,,
1951,706,,,,,,,,,,In-Line,,273,165,,,,,,,,,,815,,,
1953,710,,,,,,,2,,,In-Line,,245,160,2R,2C,,,,,,,,815,,,
1955,713,,,,,,,,,,In-Line,,440,320,,,,,,,,,,815,,,
1957,715,,,,,,,,,,In-Line,,370,340,,C,,,,,,,,815,,,
1959,718,,,,,,,,,,In-Line,,435,230,,,,,,,,,,815,,,
1960,739,,,,,,,,,,In-Line,,460,320,,,,,,,スタ148,,,815,,,
1961,730,,,,,,,,,,In-Line,,,,,1C,,,,,Zタイプ,,,815,,,
1963,733,,,,,,,,,,In-Line,,420,235,,,,,,,,,,815,,,
1965,735,,,,,,,,,,In-Line,,380,220,,,,,,,,,,815,,,
1967,738,,,,,,,,,,In-Line,,,,,,,,,,,,,815,,,
1969,736,,,,,,,,,,In-Line,,365,300,,,,,,,,,,815,,,
1971,740,,,,,,,,,,In-Line,,,,,,,,,,,,,815,,,
1973,742,,,,,,,,,,In-Line,,,,,,,,,,,,,815,,,
1975,749,,,,,,,,,,In-Line,,455,315,,C,,,,,,,,815,,,
1977,753,,,,,,,,,,In-Line,,320,160,,,,,,,,,,815,,,
1979,鈴木トレイ,,,,,,,,,,In-Line,,,,,,,,,,,,,821,,,
1981,ブラシ小,,,,,,,,,,In-Line,,,,,,,,,,,,,821,,,
1982,TE99120562,,,,,,,,,,In-Line,,,,,,,,,,,,,821,,,
1984,379,,,,,,,,,,In-Line,,,,,,,,,,,,,821,,,
1986,NKP002,,,,,,,,,,In-Line,,,,,,,,,,大きい,,,821,,,
1989,OOT024,,,,,,,,,,In-Line,,,,,,,,,,,,,822,,,
1991,KYM,,,,,,,,,,In-Line,,,,,,,,,,,,,822,,,
1993,576,,,,,,,,,,In-Line,,,,,,,,,,,,,822,,,
1994,580,,,,,,,,,,In-Line,,,,,,,,,,,,,822,,,
1996,579,,,,,,,,,,In-Line,,,,,,,,,,,,,822,,,
1998,316,,,,,,,,,,In-Line,,,,,,,,,,,,,822,,,
2000,319,,,,,,,,,,In-Line,,,,,,,,,,,,,822,,,
2002,577,,,,,,,,,,In-Line,,,,,,,,,,,,,822,,,
2003,318,,,,,,,,,,In-Line,,,,,,,,,,,,,822,,,
2005,935,,,,,,,,,,In-Line,,297,210,,,,,,,,,,823,,,
2007,936,,,,,,,,,,In-Line,,,,,,,,,,,,,823,,,
2009,937,,,,,,,,,,In-Line,,268,258,,,,,,,,,,823,,,
2011,937,,,,,,,,,,In-Line,,400,300,,,,,,,,,,823,,,
2013,938,,,,,,,,,,In-Line,,265,165,,,,,,,,,,823,,,
2015,938,,,,,,,,,,In-Line,,300,300,,,,,,,,,,823,,,
2017,942,,,,,,,,,,In-Line,,,,,,,,,,,,,823,,,
2019,944,,,,,,,,,,In-Line,,,,,,,,,,,,,823,,,
2021,945,,,,,,,,,,In-Line,,336,266,,,,,,,,,,823,,,
2023,947,,,,,,,,,,In-Line,,315,305,,,,,,,,,,823,,,
2025,948,,,,,,,,,,In-Line,,475,305,,,,,,,,,,823,,,
2027,TE81351,,,,,,,,,,In-Line,,,,,,,,,,白,,,823,,,
2029,Aタイプ,,,,,,,,,,In-Line,,,,,,,,,,,,,823,,,
2031,96,,,,,,,,,,In-Line,,,,,,,,,,,,,823,,,
2033,839,,,,,,,,,,In-Line,,280,210,,,,,,,,,,824,,,
2035,841,,,,,,,,,,In-Line,,475,315,,,,,,,,,,824,,,
2037,843,,,,,,,,,,In-Line,,240,180,,,,,,,,,,824,,,
2039,844,,,,,,,,,,In-Line,,295,198,,,,,,,,,,824,,,
2041,845,,,,,,,,,,In-Line,,470,353,,,,,,,ZD別抜き用,,,824,,,
2043,848,,,,,,,,,,In-Line,,380,220,,,,,,,,,,824,,,
2045,849,,,,,,,,,,In-Line,,400,250,,,,,,,,,,824,,,
2048,856,,,,,,,,,,In-Line,,440,325,,,,,,,,,,824,,,
2050,859,,,,,,,2,,,In-Line,,331,145,,,,,,,,,,824,,,
2052,863,,,,,,,,,,In-Line,,319,219,,,,,,,,,,824,,,
2054,864,,,,,,,,,,In-Line,,177,177,,,,,,,,,,824,,,
2056,865,,,,,,,,,,In-Line,,240,180,,,,,,,,,,824,,,
2058,865,,,,,,,,,,In-Line,,385,225,,,,,,,,,,824,,,
2060,866,,,,,,,,,,In-Line,,280,280,,,,,,,,,,824,,,
2062,871,,,,,,,,,,In-Line,,220,200,,,,,,,,,,824,,,
2064,874,,,,,,,,,,In-Line,,384,256,,,,,,,,,,824,,,
2066,758,,,,,,,,,,In-Line,,,,,,,,,,,,,825,,,
2068,759,,,,,,,,,,In-Line,,425,265,,,,,,,,,,825,,,
2070,763,,,,,,,,,,In-Line,,405,300,,,,,,,,,,825,,,
2072,764,,,,,,,,,,In-Line,,,,,,,,,,,,,825,,,
2074,765,,,,,,,,,,In-Line,,470,290,,,,,,,,,,825,,,
2076,767,,,,,,,,,,In-Line,,400,300,,,,,,,,,,825,,,
2078,769,,,,,,,,,,In-Line,,330,225,,,,,,,,,,825,,,
2080,770,,,,,,,,,,In-Line,,297,210,,,,,,,,,,825,,,
2082,791,,,,,,,,,,In-Line,,300,295,,,,,,,,,,825,,,
2084,792,,,,,,,,,,In-Line,,276,276,,2C,,,,,DIC-063とは大きいC面違い,,,825,,,
2085,737,,,,,,,,,,In-Line,,490,250,,,,,,,,,,825,,,
2087,745,,,,,,,,,,In-Line,,460,340,,,,,,,,,,825,,,
2089,796,,,,,,,,,,In-Line,,336,276,,,,,,,,,,825,,,
2091,797,,,,,,,,,,In-Line,,457,289,,,,,,,,,,825,,,
2093,TE37209966,,,,,,,,,,In-Line,,,,,,,,,,,,,820,,,
2095,TE70571,,,,,,,,,,In-Line,,,,,,,,,,,,,820,,,
2097,YKW002,,,YS19051,,,,3,,,In-Line,,555,125,8R8,,,,,,3面 YS19051,,,820,,,
2100,356,,,,,,,,,,In-Line,,,,,,,,,,,,,831,,,
2102,YKW005,,,,,,,,,,In-Line,,,,,,,,,,,,,831,,,
2104,940,,,,,,,,,,In-Line,,370,270,,,,,,,,,,831,,,
2106,951,,,,,,,,,,In-Line,,,,,,,,,,,,,831,,,
2108,720,,,,,,,,,,In-Line,,330,143,,,,,,,,,,832,,,
2110,912,,,,,,,,,,In-Line,,268,258,,,,,,,,,,832,,,
2112,920,,,,,,,,,,In-Line,,450,300,,,,,,,,,,832,,,
2114,929,,,,,,,,,,In-Line,,,,,,,,,,,,,832,,,
2116,934,,,,,,,,,,In-Line,,,,,,,,,,,,,832,,,
2118,938,,,,,,,,,,In-Line,PP板,400,300,,,,,,,,,,832,,,
2120,939,,,,,,,,,,In-Line,,446,271,,,,,,,,,,832,,,
2122,941,,,,,,,,,,In-Line,,450,317,,,,,,,,,,832,,,
2124,946,,,,,,,,,,In-Line,,451,255,,,,,,,,,,832,,,
2126,949,,,,,,,2,,,In-Line,,305,205,,,,,,,,,,832,,,
2127,1007,,,,,,,2,,,In-Line,PP板,320,229,,,,,,,,,,833,,,
2129,1009,,,,,,,,,,In-Line,PP板,385,295,,,,,,,,,,833,,,
2130,1010,,,,,,,,,PS,In-Line,PP板,,,,,,,,,,,,833,,,
2131,1030,,,,,,,,,,In-Line,,280,224,,,,,,,,,,834,,,
2133,1031,,,,,,,,,PP,In-Line,,295,227,,,,,,,,,,834,,,
2134,1032,,,,,,,,,,In-Line,,350,260,,,,,,,,,,834,,,
2136,1033,,,,,,,,,,In-Line,,455,300,,,,,,,,,,834,,,
2138,1035,,,,,,,2,,,In-Line,,315,245,,,,,,,,,,834,,,
2140,1034,,,,,,,,,,In-Line,,333,275,,,,,,,,,,834,,,
2142,1036,,,,,,,,,,In-Line,,461,320,,,,,,,,,,834,,,
2144,1037,,,,,,,,,,In-Line,,315,135,,,,,,,,,,834,,,
2146,1000,,,,,,,,,,In-Line,,360,330,,,,,,,,,,833,,,
2148,1002,,,,,,,,,,In-Line,,300,230,,,,,,,,,,833,,,
2150,1003,,,,,,,,,,In-Line,,390,270,,,,,,,,,,833,,,
2152,1004,,,,,,,2,,,In-Line,,270,160,,,,,,,,,,833,,,
2154,1005,,,,,,,,,,In-Line,,370,275,,,,,,,,,,833,,,
2156,1006新,,,,,,,2,,PS,In-Line,,295,227,,,,,,,旧カッター中２F(956),,,833,,,
2159,YS21020,Other,,YS21020,,,,,,,In-Line,,,,,,,,,,YS21020,,,841,,,
2160,MZT104,,,,,,,,,,In-Line,,,,,,,,,,,,,841,,,
2161,Te01616,,,,,,,,,,In-Line,,605,292.5,,,,,,,,,,841,,,
2162,TE41610,,,,,,,,,,In-Line,,,,,,,,,,,,,841,,,
2164,SNS002,,,,,,,,,,In-Line,,,,,,,,,,,,,841,,,
2166,SJI019B,,,,,,,,,,In-Line,,,,,,,,,,SJI-019(B),,,841,,,
2168,961,,,,,,,,,,In-Line,PP板,475,320,,,,,,,,,,842,,,
2169,962,,,,,,,2,,,In-Line,,415,148,,,,,,,,,,842,,,
2171,966,,,,,,,2,,,In-Line,PP板,335,230,,,,,,,,,,842,,,
2173,969,,,,,,,,,,In-Line,,235,220,,,,,,,,,,842,,,
2175,970,,,,,,,,,,In-Line,,365,265,,,,,,,,,,842,,,
2177,972,,,,,,,,,,In-Line,PP板,325,320,,,,,,,,,,842,,,
2178,978,,,,,,,2,,,In-Line,,305,205,,,,,,,,,,842,,,
2180,982,,,,,,,,,,In-Line,,480,320,,,,,,,,,,842,,,
2182,983,,,,,,,2,,PS,In-Line,,293,229,,,,,,,,,,842,,,
2183,985,,,,,,,,,,In-Line,,428,311,,,,,,,,,,842,,,
2186,1010,,,,,,,,,,In-Line,,340,300,,,,,,,,,,843,,,
2188,1011,,,,,,,,,,In-Line,,460,260,,,,,,,,,,843,,,
2190,1014,,,,,,,,,,In-Line,,293,229,,,,,,,PS? PP?,,,843,,,
2192,1015,,,,,,,,,PET,In-Line,,,,,,,,,,つなぎ禁止,,,843,,,
2194,1018,,,,,,,2,,,In-Line,,295,208,,,,,,,,,,843,,,
2196,1020,,,,,,,,,,In-Line,,357,240,,,,,,,,,,843,,,
2198,1021,,,,,,,,,,In-Line,,465,295,,,,,,,PP AMP (型番変更）,,,843,,,
2200,1024,,,,,,,,,,In-Line,,438,231,,,,,,,,,,843,,,
2202,1026,,,,,,,,,PET,In-Line,,390,310,,,,,,,,,,843,,,
2203,1038,,,,,,,,,,In-Line,,341,321,,,,,,,,,,844,,,
2205,1039,,,,,,,,,,In-Line,,390,305,,,,,,,,,,844,,,
2207,1040,,,,,,,,,,In-Line,,456,295,,,,,,,,,,844,,,
2209,1041,,,,,,,,,,In-Line,,435,275,,,,,,,,,,844,,,
2214,1044,,,,,,,,,,In-Line,,243,174,,,,,,,,,,844,,,
2216,1045,,,,,,,,,,In-Line,,380,280,,,,,,,,,,844,,,
2218,1045,,,,,,,,,,In-Line,PP板,455,335,,,,,,,,,,844,,,
2219,1046,,,,,,,,,,In-Line,,,,,,,,,,,,,844,,,
2220,930,,,,,,,,,,In-Line,PP板,380,205,,,,,,,,,,845,,,
2221,952,,,,,,,,,,In-Line,,,,,,,,,,,,,845,,,
2224,SJI020,,,YS19049,,,,,,,In-Line,,595,385,4R20,,,,,,,,,852,,,
2226,1047,,,,,,,,,,In-Line,PP板,310,210,,,,,,,,,,854,,,
2227,1048,,,,,,,,,,In-Line,,304,166,,,,,,,,,,854,,,
2229,1050,,,,,,,,,,In-Line,PP板,335,258,,,,,,,,,,854,,,
2232,1052,,,,,,,,,,In-Line,,300,290,,,,,,,,,,854,,,
2237,754,,,,,,,,,,別抜き,,,,,,,,,,,,,442,,,
2238,SMMICOR,,,,,,,,,,別抜き,,,,,,,,,,,,,440,,,
2239,ミニライト,,,,,,,,,,別抜き,,,,,,,,,,,,,440,,,
2241,DIC148,DIC148,,-YS24050,,,,,,,In-Line,,430,390,4R20,,,,,,大太刃用 切刃：1.0ｘ100ｈ -YS24050,,,703,,,
2247,EXD001,EXD001,,,,,,,,,In-Line,,300,230,,,,,,,,,,514,,,
2250,895,MZT084,,,,,,,,,In-Line,,485,290,,,,,,,Dao cao,,,554,,,
2251,915,YCM060,,,,,,,,,In-Line,,421,299,,,,,,,,,,554,,,
2252,JAE309旧,JAE309,,YS23115,2023.12.20,,,,,,In-Line,,575,285,3R15,C20,,,,,寸法小さい→新カッタ作成あり,,,861,,,
2253,S249,GMY087,,,,,,,,,スタッキング,,,,,,,,,,OK A,,,541,,,
2254,S248,TKD008,,,,,,,,,スタッキング,,,,,,,,,,"中板ADV017, OK TKD-005専用",,,541,,,
2255,S247,YSDH0301,,,,,,,,,スタッキング,,,,,,,,,,下DIC009、中A,,,541,,,
2258,S246,GMY088,,,,,,,,,スタッキング,,,,,,,,,,FA,,,541,,,
2260,S245,KSP068,,,,,,,,,スタッキング,,,,,,,,,,OK14,,,541,,,
2261,S244,YCM024,,,,,,,,,スタッキング,,,,,,,,,,,,,541,,,
2263,S243,TKD007,,,,,,,,,スタッキング,,,,,,,,,,OK17,,,541,,,
2265,S243,TKD007,,,,,,,,,スタッキング,,,,,,,,,,OK17,,,541,,,
2267,S266,ARK001,,,,,,,,,スタッキング,,,,,,,,,,OK A,,,542,,,
2269,S265,KDS065,,,,,,,,,スタッキング,,,,,,,,,,OK A,,,542,,,
2271,S364,KDS068,,,,,,,,,スタッキング,,,,,,,,,,,,,542,,,
2273,S263,ADY072,,,,,,,,,スタッキング,,,,,,,,,,中18　F55,,,542,,,
2275,S262,SSM,,,,,,,,,スタッキング,,,,,,,,,,S OK12,,,542,,,
2277,S261,ADY062,,,,,,,,,スタッキング,,,,,,,,,,OK V,,,542,,,
2279,S260,SKS011,,,,,,,,,スタッキング,,,,,,,,,,,,,542,,,
2281,S259,AMP024,,,,,,,,,スタッキング,,,,,,,,,,別抜き443,,,542,,,
2282,S258,MZT045,,,,,,,,,スタッキング,,,,,,,,,,,,,542,,,
2284,S257,OOT007,,,,,,2,,,スタッキング,,,,,,,,,,OK HKS001,,,542,,,
2285,S255,OOT005,,,,,,,,,スタッキング,,,,,,,,,,OK 22,,,542,,,
2287,S254,OOT004AB,,,,,,,,,スタッキング,,,,,,,,,,OK 17,,,542,,,
2289,S267,KDS069,,,,,,,,,スタッキング,,,,,,,,,,,,,543,,,
2291,S268,OOT011,,,,,,,,,スタッキング,,,,,,,,,,OK ADV017,,,543,,,
2292,S270,NSE001,,,,,,,,,スタッキング,,,,,,,,,,OK HKS001,,,543,,,
2294,S271,JAE013,,,,,,,,,スタッキング,,,,,,,,,,OK 中17,,,543,,,
2296,S272,TBG003,,,,,,,,,スタッキング,,,,,,,,,,OK 中１,,,543,,,
2298,S273,KGM005,,,,,,,,,スタッキング,,,,,,,,,,OK 中 A,,,543,,,
2300,S274,TNR001,,,,,,,,,スタッキング,,,,,,,,,,OK B,,,543,,,
2302,S275,SKS013,,,,,,,,,スタッキング,,,,,,,,,,"中A, OK Z-060-1 改",,,543,,,
2304,S276,JAE016,,,,,,,,,スタッキング,,275,275,,,,,,,"中3, OK2",,,543,,,
2305,S277,TOK001,,,,,,,,,スタッキング,,,,,,,,,,中セガ OK54,,,543,,,
2307,S278,OOT014,,,,,,,,,スタッキング,,,,,,,,,,"OK TKO005, 中ADV017",,,543,,,
2309,S279,SSM015,,,,,,,,,スタッキング,,,,,,,,,,OK ADV021,,,543,,,
2311,S291,JAE021,,,,,,,,,スタッキング,,350,260,,,,,,,OK D,,,544,,,
2315,S290,NGK002,,,,,,,,,スタッキング,,,,,,,,,,OK B,,,544,,,
2317,S289,KDS071,,,,,,,,,スタッキング,,,,,,,,,,"中, OK A",,,544,,,
2319,S288,GMY091,,,,,,,,,スタッキング,,,,,,,,,,"中9, OK 54",,,544,,,
2321,S287,SSM014,,,,,,,,,スタッキング,,,,,,,,,,OK L,,,544,,,
2323,S286,MTM003,,,,,,,,,スタッキング,,,,,,,,,,,,,544,,,
2325,S285,ARK001,,,,,,,,,スタッキング,,,,,,,,,,,,,544,,,
2327,S284,KOG001,,,,,,,,,スタッキング,,,,,,,,,,,,,544,,,
2329,S283,DIC016,,,,,,,,,スタッキング,,,,,,,,,,,,,544,,,
2331,S282,ADV033,,,,,,,,,スタッキング,,,,,,,,,,OK V,,,544,,,
2333,S281,KSP117,,,,,,,,,スタッキング,,,,,,,,,,,,,544,,,
2335,S281,ODS042,,,,,,,,,スタッキング,,,,,,,,,,"OK ODS013, 中22",,,544,,,
2337,S280,SSM016,,,,,,,,,スタッキング,,,,,,,,,,OK ADV021,,,544,,,
2338,S256,SHT001,,,,,,,,,スタッキング,,,,,,,,,,OK B,,,540,,,
2340,S581,DIC025,,,,,,,,,スタッキング,,,,,,,,,,,,,540,,,
2342,S293,SWT001,,,,,,,,,スタッキング,,,,,,,,,,F12,,,540,,,
2344,S138,SK043T,,,,,,,,,スタッキング,,,,,,,,,,,,,574,,,
2347,S137,KDS042,,,,,,,,,スタッキング,,,,,,,,,,OK12,,,574,,,
2352,64,SMK104,,,,,,,,,,,,,,,,,,,,,,901,,,
2353,60,CLDS,,,,,,,,,,,,,,,,,,,,,,901,,,
2355,58,NRK030,,,,,,,,,,,,,,,,,,,,,,901,,,
2360,46,OTAX015,,,,,,,,,別抜き,,,,,,,,,,,,,902,,,
2361,MZT,MZT,,,,,,2,,,別抜き,,,,,,,,,,MZT2面?,,,902,,,
2362,MDS005,MDS005,,,,,,,,,,,,,,,,,,,,,,903,,,
2363,957,TOK005,,,,,使用禁止,,,,,,,,,,,,,,使用禁止,,,904,,,
2364,74-153,MRY008,,,,,,,,,,PP板,493,340,,2,,,,,,,,904,,,
2366,162,MZT,,,,,,,,,,,,,,,,,,,,,,911,,,
2435,274,MKG001,,,,,,,,,,,400,290,,,,,,,,,,912,,,
2439,275,SMK060,,,,,,,,,,,,,,,,,,,,,,912,,,
2441,275,NOKIA,,,,,,,,,,,,,,,,,,,,,,912,,,
2445,276,GMY036,,,,,,,,,,,395,250,,,,,,,,,,912,,,
2449,277,KRE041,,,,,,,,,,,400,270,2R8,2C10,,,,,,,,912,,,
2454,279,NPC012,,,,,,,,,,,313,165,,,,,,,,,,912,,,
2458,282,YKS001,,,,,,,,,,,211,159,,,,,,,,,,912,,,
2462,283,YSM007,,,,,,,,,,,200,200,,,,,,,,,,912,,,
2466,285,TE01417,,,,,,,,,,,327,222,,,,,,,V,,,912,,,
2471,286,MBM001,,,,,,,,,,,338,231,,,,,,,３号機用,,,912,,,
2475,287,ADV017,,,,,,2,,,,,,,,,,,,,アルミ,,,912,,,
2479,291,SPJ008,,,,,,,,,,,317,178.6,,,,,,,,,,912,,,
2483,292,SK040,,,,,,,,,,,285,265,,,,,,,,,,912,,,
2487,589,JAE013,,,,,使用禁止,,,,,,400,280,,,,,,,"新, 使用禁止",,,912,,,
2492,807,TE79369933,,,,,,,,,,,460,290,,,,,,,,,,912,,,
2493,151,NRK001,,,,,,,,,,,,,,,,,,,,,,912,,,
2495,582,JAE017,,,,,,,,,,,275,275,,,,,,,651 アルミ,,,912,,,
2497,JAE180,JAE180,,,,,,2P,,,,,,,2R,2C,,,,,使用可能,,,912,,,
2498,74-11,DIC042,,,,,,2P,,,,,276,276,,,,,,,使用禁止,,,912,,,
2503,NONAME,Other,,,,,,,,,,,,,,,,,,,使用禁止,,,912,,,
2506,251,ADV016,,,,,,,,,,,370,165,,,,,,,,,,913,,,
2510,252,KSE001,,,,,,,,,,,490,260,,,,,,,,,,913,,,
2514,253,DIC007,,,,,,,,,,,170,130,,,,,,,,,,913,,,
2518,256,GMY030,,,,,,,,,,,330,235,,,,,,,,,,913,,,
2522,260,KSE002,,,,,,,,,,,480,230,,,,,,,,,,913,,,
2526,261,SK030,,,,,,2P,,,,,255,170,,,,,,,,,,913,,,
2530,262,TE71355,,,,,,,,,,,279,218,,,,,,,,,,913,,,
2535,263,TMC004,,,,,,,,,,,315,135.9,,,,,,,,,,913,,,
2541,265,NRK015,,,,,,,,,,,400,285,,,,,,,アルミ,,,913,,,
2545,269,DIC011,,,,,,2P,,,,,214,158,,,,,,,,,,913,,,
2549,270,GMY034,,,,,,,,,,,480,330,,,,,,,アルミ,,,913,,,
2552,271,TE51295,,,,,,,,,,,335,230,,,,,,,,,,913,,,
2556,272,DIC012,,,,,,,,,,,300,205,,,,,,,,,,913,,,
2560,159,TH033,,,,,使用禁止,,,,,,,,,,,,,,"使用禁止　アルミ,　Z, ３号機",,,913,,,
2562,919,HKS010,,,,,,,,,,,335,211.5,,,,,,,,,,913,,,
2565,YSDF0151,YSDF0151,,YS23011,,,,,,,,,457.5,252,2R10,2C10,,,,,,,,913,,,
2567,KWE002,KWE002,,YS20038,,,,,,,,,385,260,4R10,,,,,,,,,913,,,
2571,74-92,TIH019,,,,,,2P,,,In-Line,,390,275,,,,,,,,,,951,,,
2573,74-93,MZT130,,,,,,,,,In-Line,,,,,,,,,,,,,951,,,
2575,74-94,ASC001,,,,,,,,,In-Line,,535,235,,,,,,,,,,951,,,
2577,74-95,MZT132,,,,,,,,,In-Line,,525,316,,,,,,,,,,951,,,
2579,74-96,OOT036,,,,,,,,,In-Line,,535,400,,,,,,,,,,951,,,
2581,74-98,KSP181,,,,,,,,,In-Line,,545,355,,,,,,,,,,951,,,
2583,74-99,MZT136,,,,,,,,,In-Line,,525,316,,,,,,,,,,951,,,
2586,25,TE81109,,,,,,,,,In-Line,,465,334,,,,,,,,,,951,,,
2589,881,SSM025,,,,,,,,,In-Line,,297,210,,,,,,,専用カッタ,,,951,,,
2590,74-91,ZD,,,,,,,,,In-Line,,,,,,,,,,,,,951,,,
2592,74-37,NHK003,,,,,,2P,,,In-Line,,320,260,,,,,,,,,,952,,,
2594,74-35,KDS139,,,,,,,,,In-Line,,,,,,,,,,,,,952,,,
2596,74-47,RYK005,,,,,,,,,In-Line,,540,305,,,,,,,,,,952,,,
2598,74-51,MZT074,,,,,,,,,In-Line,,510,370,,,,,,,,,,952,,,
2600,74-71,NSM003,,,,,,,,,In-Line,,400,390,,,,,,,,,,952,,,
2602,74-80,AON003,,,,,,,,,In-Line,,485,380,,,,,,,フタ,,,952,,,
2604,74-83,DIM010R3,,,,,,,,,In-Line,,,,,,,,,,,,,952,,,
2606,74-88,AST001,,,,,,,,,In-Line,,380,380,,,,,,,,,,952,,,
2608,74-33,TDS006,,,,,,,,,In-Line,,415,360,,,,,,,,,,952,,,
2609,74-56,JAE306,,,,,,,,,In-Line,,,,,,,,,,,,,952,,,
2611,74-4,KDS131,,,,,,,,,In-Line,,406,340,,,,,,,,,,953,,,
2613,74-7,TBG009,,,,,,,,,In-Line,,,,,,,,,,,,,953,,,
2615,74-9,WTN005,,,,,,,,,In-Line,,,,,,,,,,,,,953,,,
2618,74-13,TSP005,,,,,,,,,In-Line,,500,325,,,,,,,,,,953,,,
2622,74-16,SHT012,,,,,,,,,In-Line,,560,360,,,,,,,,,,953,,,
2624,74-26,YSR021,,,,,,,,,In-Line,,,,,,,,,,,,,953,,,
2627,74-29,JAE285,,,,,,,,,In-Line,,450,380,,,,,,,,,,953,,,
2629,74-31,T409,,,,,,,,,In-Line,,333,165,,,,,,,,,,953,,,
2632,249,GOJ004,,,,,,,,,In-Line,,425,281,,,,,,,,,,941,,,
2636,248,TE21354,,,,,,,,,In-Line,,325,216,,,,,,,,,,941,,,
2640,245,SMK084,,,,,,,,,In-Line,,350,220,,,,,,,,,,941,,,
2644,244,SMK064,,,,,,,,,In-Line,,364,243,,,,,,,,,,941,,,
2648,242,DIC,,,,,,2P,,,In-Line,,166,122,,,,,,,,,,941,,,
2652,241,SMK062,,,,,,,,,In-Line,,367,245,,,,,,,,,,941,,,
2656,240,FDK001,,,,,,3P,,,In-Line,,,,,,,,,,,,,941,,,
2661,239,SNT,,,,,,,,,In-Line,,386,246,,,,,,,,,,941,,,
2665,237,NRK004,,,,,,,,,In-Line,,365,305,,,,,,,,,,941,,,
2669,234,SMK067,,,,,,,,,In-Line,,,,,,,,,,,,,941,,,
2673,231,DIC005,,,,,,,,,In-Line,,240,170,,,,,,,,,,941,,,
2716,1,TMC014,,,,,,,,,別抜き,,,,,,,,,,,,,942,,,
2717,KGM006,KGM006,,,,,,,,,別抜き,,,,,,,,,,プレス,,,942,,,
2719,JAE006,JAE006,,,,,,,,,別抜き,,,,,,,,,,プレス,,,942,,,
2722,SCP001,SCP001,,,,,,,,,In-Line,,,,,,,,,,未使用,,,942,,,
2723,MIY001,MIY001R2,,,,,,,,,,,,,,,,,,,,,,942,,,
2725,OTHER,Other,,,,,,,,,,,,,,,,,,,,,,942,,,
2729,MTM131,MTM131,,,,,,2P,,,,,245,200,,,,,,,,,,942,,,
2737,Other,Other,,,,,,,,,,,460,390,,,,,,,,,,942,,,
2745,279,LPS015,,,,,,,,,,,,,,,,,,,,,,943,,,
2749,285,OOT015,,,,,,,,,,,,,,,,,,,,,,943,,,
2764,AAT002,AAT002,,,,,,,,,,,,,,,,,,,,,,943,,,
2779,259,SLK106,,,,,,,,,別抜き,,,,,,,,,,,,,943,,,
2780,JAE069,JAE069,,,,,,,,,,,,,,,,,,,穴あけ,,,943,,,
2785,Other,ウレタン,,,,,,,,,,,,,,,,,,,青,,,943,,,
2786,other,足形,,,,,,,,,,,,,,,,,,,,,,943,,,
2790,879,TSP002,,,,,,,,,,,285,185,,,,,,,,,,943,,,
2792,TNX013,TNX013,,,,,,1P,,,,,,,,,,,,,,,,944,,,
2794,YSDH,YSDH,,,,,,,,,,,,,,,,,,,正規サイズ,,,944,,,
2797,683,SSM020,,,,,,2,236,,,,297,210,,,,,,,,,,944,,,
2800,416,KMX003,,,,,,,,,,,416,326,,,,,,,高,,,931,,,
2804,415,KMX004R,,,,,,,,,,,420,250,,,,,,,,,,931,,,
2810,414,MTE001,,,,,,,,,,,161,144,,,,,,,,,,931,,,
2814,411,MZT022,,,,,,,,,,,,,,,,,,,,,,931,,,
2818,410,KSP057,,,,,,,,,,,390,330,,2C,,,,,,,,931,,,
2822,408,TYK003,,,,,,,,,,,300,250,,,,,,,,,,931,,,
2826,397,KSE021,,,,,,,,,,,410,240,,,,,,,,,,931,,,
2831,other,Other,,,,,,,,,,,,,,,,,,,未定,,,931,,,
2835,395,KSP055,,,,,,,,,,,,,,2C,,,,,,,,931,,,
2839,392,KDS050,,,,,,,,,,,315,200,,,,,,,,,,931,,,
2843,390,MSM022,,,,,,,,,,,,,,,,,,,,,,931,,,
2847,388,KSE020,,,,,,,,,,,,,,,,,,,,,,931,,,
2851,384,WDS001,,,,,,,,,,,,,,,,,,,,,,931,,,
2855,381,ADY056,,,,,,,,,,,235,225,,,,,,,,,,931,,,
2893,377,KMX001,,,,,,,,,,,290,290,,2C,,,,,,,,932,,,
2897,368,ADY055,,,,,,,,,,,400,315,,,,,,,,,,932,,,
2903,366,BNS001,,,,,,,,,,,,,,,,,,,,,,932,,,
2907,364,ADY029,,,,,,,,,,,256,202,,,,,,,,,,932,,,
2912,168,ADY003,,,,,,2P,,,,,345,240,,,,,,,,,,932,,,
2919,353,ADY075,,,,,,,,,,,,,,,,,,,,,,932,,,
2923,350,NGS002,,,,,,,,,,,453,335,,,,,,,,,,932,,,
2929,348,MZT004,,,,,,,,,,,,,,,,,,,,,,932,,,
2933,347,SPJ045,,,,,,,,,,,392,228,,,,,,,,,,932,,,
2937,345,NEC001B,,,,,,,,,,,,,,,,,,,,,,932,,,
2941,344,NEC001B,,,,,,,,,,,,,,,,,,,,,,932,,,
2947,341,TYK001,,,,,,,,,,,316,244,,,,,,,,,,932,,,
2951,339,KDS044,,,,,,,,,,,490,300,,,,,,,,,,932,,,
2955,336,ADV027,,,,,,2P,,,,,365.5,190.8,,,,,,,,,,932,,,
2962,445,CST001,,,,,,,,,,,360,245,,,,,,,,,,932,,,
2965,SSM,SSM,,,,,,,,,,,,,,,,,,,未定,,,931,,,
2967,Other,Other,,,,,,,,,,,,,,,,,,,R15,,,931,,,
2971,329,SMK116,,,,,,,,,,,297,207,,,,,,,,,,933,,,
2975,327,TMC005,,,,,,,,,,,,,,,,,,,,,,933,,,
2978,325,SPJ027,,,,,,,,,,,364,252,,,,,,,,,,933,,,
2982,323,KDS042,,,,,,,,,,,300,250,,,,,,,,,,933,,,
2984,536,TE41562R,,,,,,,,,,,432,279,,,,,,,,,,933,,,
2988,144,TE01109,,,,,,,,,,,330,215,,,,,,,,,,933,,,
2992,Other,Other,,,,,,,,,,,,,,,,,,,未定,,,933,,,
2996,308,KKG001,,,,,,,,,,,,,,,,,,,,,,933,,,
3000,303,adv021,,,,,,,,,,,,,,,,,,,,,,933,,,
3004,302,SK043B,,,,,,,,,,,,,,,,,,,,,,933,,,
3008,301,SES002,,,,,,,,,,,,,,,,,,,,,,933,,,
3012,296,SK041,,,,,,,,,,,,,,,,,,,,,,933,,,
3015,294,KSE005,,,,,,,,,,,,,,,,,,,,,,933,,,
3017,SMK184NG,SMK184,,,,,使用禁止,,,,,,,,,,,,,,使用禁止,,,933,,,
3019,SIT024,SIT024,,YS25005,25.01.29,,,6,,,別抜き,,118,63,4R5,,,,,,,,,1002,,,
3020,540,ITS002,,ydpy0199,20130708,,,,,PET,In-Line,,242,178,,,,,,,中抜型・基板サイズが小さかった,,,932,,,
3021,NSM001,NSM001,,,,,,,,,In-Line,,,,,,,,,,,,,932,,,
3022,YES004,YES004R1,,,,,,,,,In-Line,,,,,,,,,,"Khong hop, de o khu dao cho may Dai Loan",,,,,,
