receipt_roll_id,receipt_id,plastic_id,commercial_grade_code,supplier_name,lot_no,thickness_mm,width_mm,nominal_length_m,received_length_m,current_length_m,warehouse_location,roll_status,notes,mapped_by,mapped_at,created_by,created_at,updated_at
eed19252-9335-4187-bd50-28b668c1f0ac,REC-INIT,de9dffdc-e5ea-467d-a64c-16bc0ebcbf72,,,LOT-0410-5,0.3,520.0,600.0,600.0,600.0,WH-A,in_stock,Initial System Seed,System,2026-04-10 10:11:25,System,2026-04-10 10:11:25,2026-04-10 10:11:25
8034aea9-6a3e-403e-a1c9-50615f642c6c,REC-INIT,4305b466-3b03-46bb-ad58-ee0166ac7247,,,LOT-0410-6,0.48,420.0,400.0,400.0,400.0,WH-A,in_stock,Initial System Seed,System,2026-04-10 10:11:25,System,2026-04-10 10:11:25,2026-04-10 10:11:25
5c8787da-672c-424f-ad07-92104c32ebd1,REC-INIT,0dd44816-f369-4302-94aa-b707d9490db1,,,LOT-0410-7,0.38,520.0,450.0,450.0,450.0,WH-A,in_stock,Initial System Seed,System,2026-04-10 10:11:25,System,2026-04-10 10:11:25,2026-04-10 10:11:25
d3fa272d-4dfe-4622-a8e6-55304257d487,REC-INIT,d253998e-76fd-45f1-aa89-fa0b5bed019b,,,LOT-0410-8,0.8,520.0,250.0,250.0,250.0,WH-A,in_stock,Initial System Seed,System,2026-04-10 10:11:25,System,2026-04-10 10:11:25,2026-04-10 10:11:25
51d27e71-d1df-4144-93ca-8c53d55ca773,REC-INIT,74a4b46b-abbe-4410-86ed-8afd3c4afa63,,,LOT-0410-13,0.38,405.0,500.0,500.0,500.0,WH-A,in_stock,Initial System Seed,System,2026-04-10 10:11:25,System,2026-04-10 10:11:25,2026-04-10 10:11:25
bac7b2ab-0cc4-446d-90f5-c80264e2347d,REC-INIT,c7ad73a2-9337-4478-9f65-90bc590f65a2,,,LOT-0410-14,0.48,550.0,400.0,400.0,400.0,WH-A,in_stock,Initial System Seed,System,2026-04-10 10:11:25,System,2026-04-10 10:11:25,2026-04-10 10:11:25
5c4261a4-52eb-4204-aa1c-9f5789e641f4,REC-INIT,fb85db7a-e4aa-4d3a-9f00-8f20fe5cf199,,,LOT-0410-15,0.38,520.0,450.0,450.0,450.0,WH-A,in_stock,Initial System Seed,System,2026-04-10 10:11:25,System,2026-04-10 10:11:25,2026-04-10 10:11:25
52dc0f7d-a39c-4cb8-ad2c-f0474e1dacd8,REC-INIT,475a938a-23d5-4da2-853e-fe3ea47f6d3b,,,LOT-0410-16,0.8,670.0,200.0,200.0,200.0,WH-A,in_stock,Initial System Seed,System,2026-04-10 10:11:25,System,2026-04-10 10:11:25,2026-04-10 10:11:25
d5fd0d1e-a4e9-4a64-8a95-42872e8794da,REC-INIT,8c87f8a9-e9d5-4bad-95ff-bbf8f907e056,,,LOT-0410-21,0.38,520.0,500.0,500.0,500.0,WH-A,in_stock,Initial System Seed,System,2026-04-10 10:11:25,System,2026-04-10 10:11:25,2026-04-10 10:11:25
bd245fcd-339b-4660-98a2-465b2ac8e589,REC-INIT,857aa17c-051a-47bd-b4d6-deb688b5e5f4,,,LOT-0410-22,0.58,420.0,350.0,350.0,350.0,WH-A,in_stock,Initial System Seed,System,2026-04-10 10:11:25,System,2026-04-10 10:11:25,2026-04-10 10:11:25
da9d7893-af56-4cb5-b6e6-852ab9c38e4f,REC-INIT,f6a8c42c-1036-4026-8642-cbfafb187159,,,LOT-0410-23,0.48,520.0,350.0,350.0,350.0,WH-A,in_stock,Initial System Seed,System,2026-04-10 10:11:25,System,2026-04-10 10:11:25,2026-04-10 10:11:25
9722a848-74e3-413e-a2e7-bc006e3e4756,REC-INIT,1d05e7a7-1b4e-4256-ba2a-d279d0d3f25e,,,LOT-0410-24,0.9,520.0,200.0,200.0,200.0,WH-A,in_stock,Initial System Seed,System,2026-04-10 10:11:25,System,2026-04-10 10:11:25,2026-04-10 10:11:25
31318c99-2357-4fd6-80fa-df56679dc2c6,REC-INIT,e6823834-668a-42df-bf17-41330a53488e,,,LOT-0410-28,0.48,405.0,400.0,400.0,400.0,WH-A,in_stock,Initial System Seed,System,2026-04-10 10:11:25,System,2026-04-10 10:11:25,2026-04-10 10:11:25
dfeb81e8-7eb3-4ab6-9656-a5f296117a0f,REC-INIT,1e4e36e2-02a3-4310-b89f-584801b99c42,,,LOT-0410-29,0.58,485.0,350.0,350.0,350.0,WH-A,in_stock,Initial System Seed,System,2026-04-10 10:11:25,System,2026-04-10 10:11:25,2026-04-10 10:11:25
475fe9b2-9567-4760-9c8d-46e3336a551e,REC-INIT,80eee832-9e64-4e64-8bb2-7c791c55933a,,,LOT-0410-30,0.58,520.0,300.0,300.0,300.0,WH-A,in_stock,Initial System Seed,System,2026-04-10 10:11:25,System,2026-04-10 10:11:25,2026-04-10 10:11:25
5227d570-76a9-4ef6-9952-e70dc9742017,REC-INIT,ed756d32-b6d8-412d-a64f-28f4474cb062,,,LOT-0410-31,0.88,585.0,200.0,200.0,200.0,WH-A,in_stock,Initial System Seed,System,2026-04-10 10:11:25,System,2026-04-10 10:11:25,2026-04-10 10:11:25
a2f2495d-f872-4352-8752-8656e5a65bb9,REC-INIT,d4676442-1da6-402b-9915-6f582c9d2a87,,,LOT-0410-35,0.98,520.0,200.0,200.0,200.0,WH-A,in_stock,Initial System Seed,System,2026-04-10 10:11:25,System,2026-04-10 10:11:25,2026-04-10 10:11:25
4f2b8b00-6d03-476e-9150-15e63145b8aa,REC-INIT,91698caa-2517-4292-8d7b-db1a0ad1fffb,,,LOT-0410-36,0.48,405.0,400.0,400.0,400.0,WH-A,in_stock,Initial System Seed,System,2026-04-10 10:11:25,System,2026-04-10 10:11:25,2026-04-10 10:11:25
410bf1fd-7d53-4f96-8d83-232df5afac4b,REC-INIT,6545fc23-4a8f-451f-b479-0b3c53a0630b,,マルアイ,LOT-0410-37,0.68,640.0,200.0,200.0,200.0,WH-A,in_stock,Initial System Seed,System,2026-04-10 10:11:25,System,2026-04-10 10:11:25,2026-04-10 10:11:25
f49c19c9-a9ee-4a34-acb3-63e5afd5649d,REC-INIT,b4b54436-cf77-4dd5-a1b8-ec1f03314a48,,,LOT-0410-38,0.68,350.0,300.0,300.0,300.0,WH-A,in_stock,Initial System Seed,System,2026-04-10 10:11:25,System,2026-04-10 10:11:25,2026-04-10 10:11:25
ad06445b-6700-405e-9c52-c85ab2b22ed7,REC-INIT,dd011735-9615-4b08-bfa0-acaf8ce8c533,,,LOT-0410-43,0.98,640.0,200.0,200.0,200.0,WH-A,in_stock,Initial System Seed,System,2026-04-10 10:11:25,System,2026-04-10 10:11:25,2026-04-10 10:11:25
6cf0fe70-5777-4c7c-b2b7-97fc772c8a5b,REC-INIT,64208661-c251-4361-aa8e-38035c441f9f,,,LOT-0410-44,0.48,520.0,400.0,400.0,400.0,WH-A,in_stock,Initial System Seed,System,2026-04-10 10:11:25,System,2026-04-10 10:11:25,2026-04-10 10:11:25
802a91af-b38e-4e84-9bf5-f463a870d660,REC-INIT,f93f7c51-6f78-464e-928e-b786d52466db,,ミクローム,LOT-0410-45,0.7,640.0,220.0,220.0,220.0,WH-A,in_stock,Initial System Seed,System,2026-04-10 10:11:25,System,2026-04-10 10:11:25,2026-04-10 10:11:25
400a4ce2-bb95-4722-9e8a-519e68d87598,REC-INIT,74918730-9565-4d94-959d-7384399b3f33,,,LOT-0410-46,0.68,640.0,200.0,200.0,200.0,WH-A,in_stock,Initial System Seed,System,2026-04-10 10:11:25,System,2026-04-10 10:11:25,2026-04-10 10:11:25
c2c21099-2e11-448a-bf55-de6793aeb16a,REC-INIT,e7369eb6-cd38-4f07-ab78-61c011717fe9,,,LOT-0410-49,1.18,520.0,200.0,200.0,200.0,WH-A,in_stock,Initial System Seed,System,2026-04-10 10:11:25,System,2026-04-10 10:11:25,2026-04-10 10:11:25
53952270-dd29-4f0c-841a-e6dc67979919,REC-INIT,ad042650-de25-4d43-b2f9-8b4f45932e96,,,LOT-0410-50,0.48,550.0,400.0,400.0,400.0,WH-A,in_stock,Initial System Seed,System,2026-04-10 10:11:25,System,2026-04-10 10:11:25,2026-04-10 10:11:25
ed028728-ccf8-44c7-9f98-21f95f572ad8,REC-INIT,f7f6c4be-3a0c-4567-890b-2dcdf0b5db09,,,LOT-0410-51,0.78,405.0,250.0,250.0,250.0,WH-A,in_stock,Initial System Seed,System,2026-04-10 10:11:25,System,2026-04-10 10:11:25,2026-04-10 10:11:25
7f5ca2a5-fb3d-4fb5-b4aa-bf53b405ed50,REC-INIT,798c2107-72d1-4e6c-bbd8-006d88d4f7d8,,,LOT-0410-52,0.78,520.0,200.0,200.0,200.0,WH-A,in_stock,Initial System Seed,System,2026-04-10 10:11:25,System,2026-04-10 10:11:25,2026-04-10 10:11:25
411a4644-d63e-4286-ac3c-82a283f1189a,REC-INIT,ed90251a-835f-42e0-87d3-42f72ca5c195,,,LOT-0410-57,0.8,550.0,250.0,250.0,250.0,WH-A,in_stock,Initial System Seed,System,2026-04-10 10:11:25,System,2026-04-10 10:11:25,2026-04-10 10:11:25
d0db5f1e-6cef-4a1c-84d3-923006c7c503,REC-INIT,881828cf-5c15-406b-b2d7-74b38eaaf089,,,LOT-0410-58,0.58,405.0,350.0,350.0,350.0,WH-A,in_stock,Initial System Seed,System,2026-04-10 10:11:25,System,2026-04-10 10:11:25,2026-04-10 10:11:25
4502e287-c001-4233-9fe1-5e9da3220142,REC-INIT,bb4c21e6-d945-40e1-a80c-8a87fe702469,,,LOT-0410-59,0.78,435.0,250.0,250.0,250.0,WH-A,in_stock,Initial System Seed,System,2026-04-10 10:11:25,System,2026-04-10 10:11:25,2026-04-10 10:11:25
be5ca025-8528-4beb-a561-bfce129b6f32,REC-INIT,ca9edfdd-7198-47f8-b4c3-e9239d103c2f,,,LOT-0410-60,0.78,520.0,200.0,200.0,200.0,WH-A,in_stock,Initial System Seed,System,2026-04-10 10:11:25,System,2026-04-10 10:11:25,2026-04-10 10:11:25
c81a514e-a09b-4b6e-bba9-137472688f99,REC-INIT,52592ed5-ad02-46eb-9f5a-ad5c6643ee2c,,,LOT-0410-61,0.8,640.0,100.0,100.0,100.0,WH-A,in_stock,Initial System Seed,System,2026-04-10 10:11:25,System,2026-04-10 10:11:25,2026-04-10 10:11:25
5fca0abb-ff56-4dc5-9cb0-a76254b0d083,REC-INIT,2ca5e75b-1961-43fa-b31e-b17c6c81e03a,,,LOT-0410-65,1.0,550.0,200.0,200.0,200.0,WH-A,in_stock,Initial System Seed,System,2026-04-10 10:11:25,System,2026-04-10 10:11:25,2026-04-10 10:11:25
dc4cfe5b-30cd-43a8-bafb-f51519caaea0,REC-INIT,b7392afe-2a72-4ea1-81d6-c5cee0c9977b,,,LOT-0410-66,0.58,405.0,350.0,350.0,350.0,WH-A,in_stock,Initial System Seed,System,2026-04-10 10:11:25,System,2026-04-10 10:11:25,2026-04-10 10:11:25
d26ace6a-1254-44be-b6d0-f0173f428d7d,REC-INIT,7c702acd-fb35-4b37-87b0-69b9bd1b5b70,,,LOT-0410-67,0.78,520.0,250.0,250.0,250.0,WH-A,in_stock,Initial System Seed,System,2026-04-10 10:11:25,System,2026-04-10 10:11:25,2026-04-10 10:11:25
b62b15ac-d2d0-4d0c-a96d-601417f7482f,REC-INIT,b19c9145-4efe-47e7-8a98-6af351bc6f56,,,LOT-0410-68,0.78,640.0,200.0,200.0,200.0,WH-A,in_stock,Initial System Seed,System,2026-04-10 10:11:25,System,2026-04-10 10:11:25,2026-04-10 10:11:25
8eb9abe0-4514-46eb-9750-ace18853c310,REC-INIT,8a2bd8db-1b0c-4334-9aa0-b85b9a373ef0,,,LOT-0410-69,1.0,550.0,200.0,200.0,200.0,WH-A,in_stock,Initial System Seed,System,2026-04-10 10:11:25,System,2026-04-10 10:11:25,2026-04-10 10:11:25
2ae4dbd8-4fbb-4b4a-90a3-6661a59ae8f2,REC-INIT,4df8dc41-53e5-4c10-92c1-efc3abfdf8e2,,,LOT-0410-74,0.58,435.0,350.0,350.0,350.0,WH-A,in_stock,Initial System Seed,System,2026-04-10 10:11:25,System,2026-04-10 10:11:25,2026-04-10 10:11:25
cfd8eca7-104d-46a3-963d-a5645da80e6f,REC-INIT,f75b9b4a-dd8d-441c-a45e-f6770a98b9d5,,,LOT-0410-75,0.98,405.0,250.0,250.0,250.0,WH-A,in_stock,Initial System Seed,System,2026-04-10 10:11:25,System,2026-04-10 10:11:25,2026-04-10 10:11:25
f51ce5bc-f393-414e-86a1-fce14ab4d891,REC-INIT,f1a654ce-4e4c-411e-b1c1-90da6465bc06,,,LOT-0410-81,0.58,520.0,350.0,350.0,350.0,WH-A,in_stock,Initial System Seed,System,2026-04-10 10:11:25,System,2026-04-10 10:11:25,2026-04-10 10:11:25
4b26cfc2-8f11-46a1-b6af-d29f63ee45e6,REC-INIT,102fcb82-6d02-4ea9-a518-2337b9a218dc,,,LOT-0410-83,0.98,405.0,200.0,200.0,200.0,WH-A,in_stock,Initial System Seed,System,2026-04-10 10:11:25,System,2026-04-10 10:11:25,2026-04-10 10:11:25
c5784f86-d5e5-4b78-aa0e-481173e0f42b,REC-INIT,cf2a10d6-7862-46b7-a5af-0dc8a9935654,,,LOT-0410-89,0.58,520.0,350.0,350.0,350.0,WH-A,in_stock,Initial System Seed,System,2026-04-10 10:11:25,System,2026-04-10 10:11:25,2026-04-10 10:11:25
e245b2bd-1385-48df-b654-83b31bd2e1e7,REC-INIT,018f2083-f314-4d16-b66e-5ee8b81e638b,,,LOT-0410-90,1.0,640.0,200.0,200.0,200.0,WH-A,in_stock,Initial System Seed,System,2026-04-10 10:11:25,System,2026-04-10 10:11:25,2026-04-10 10:11:25
f668c21d-0228-419d-b35e-0b62669b0533,REC-INIT,8e6f331c-34ca-4645-9859-47afd4b40266,,,LOT-0410-91,0.98,520.0,200.0,200.0,200.0,WH-A,in_stock,Initial System Seed,System,2026-04-10 10:11:25,System,2026-04-10 10:11:25,2026-04-10 10:11:25
5b8343e7-818e-4ef4-acec-a82dbe253ef8,REC-INIT,ff4d8b71-b7b0-412a-a575-2a4f25e0c6b8,,,LOT-0410-97,0.58,520.0,350.0,350.0,350.0,WH-A,in_stock,Initial System Seed,System,2026-04-10 10:11:25,System,2026-04-10 10:11:25,2026-04-10 10:11:25
0228d472-76cd-493a-a690-ce7db544a348,REC-INIT,089cb273-5f28-452b-97bb-9d2141468aca,,,LOT-0410-98,1.18,435.0,200.0,200.0,200.0,WH-A,in_stock,Initial System Seed,System,2026-04-10 10:11:25,System,2026-04-10 10:11:25,2026-04-10 10:11:25
2f215c45-6a0d-4e69-946c-a3c73a286f4e,REC-INIT,46b3e291-a562-4a61-bae9-d5c712618620,,,LOT-0410-99,0.98,550.0,200.0,200.0,200.0,WH-A,in_stock,Initial System Seed,System,2026-04-10 10:11:25,System,2026-04-10 10:11:25,2026-04-10 10:11:25
359ceaa5-2bdc-4dd7-b90a-f8506d38f491,REC-INIT,8d37bcb2-b6c4-4609-afbc-aca146068ca7,C-APET,,LOT-0410-100,0.5,640.0,200.0,200.0,200.0,WH-A,in_stock,Initial System Seed,System,2026-04-10 10:11:25,System,2026-04-10 10:11:25,2026-04-10 10:11:25
454be60f-7e4d-4e5a-91f6-e66cefd7be3e,REC-INIT,3be2c9ad-5fc2-4c27-ba17-4a42873ea0de,TB-APET,,LOT-0410-104,0.5,640.0,200.0,200.0,200.0,WH-A,in_stock,Initial System Seed,System,2026-04-10 10:11:25,System,2026-04-10 10:11:25,2026-04-10 10:11:25
4223b54d-2eb7-4fd0-907f-86740e635f18,REC-INIT,756eae83-4617-4761-bb3d-dbc3397ce4a0,,,LOT-0410-105,0.58,550.0,350.0,350.0,350.0,WH-A,in_stock,Initial System Seed,System,2026-04-10 10:11:25,System,2026-04-10 10:11:25,2026-04-10 10:11:25
1e6ee3bd-021e-4c95-b298-772d5d3b7efc,REC-INIT,0b2091c0-34f9-4fca-b0b8-17a830287605,,,LOT-0410-106,1.18,520.0,200.0,200.0,200.0,WH-A,in_stock,Initial System Seed,System,2026-04-10 10:11:25,System,2026-04-10 10:11:25,2026-04-10 10:11:25
249db831-b7d9-47f3-bee7-3fcea9025c51,REC-INIT,b80f0153-e082-4f2c-916f-ac8b31fcc49d,,,LOT-0410-107,0.98,640.0,150.0,150.0,150.0,WH-A,in_stock,Initial System Seed,System,2026-04-10 10:11:25,System,2026-04-10 10:11:25,2026-04-10 10:11:25
8d69d125-b8ea-4213-9119-00c3997800e2,REC-INIT,00e75f51-a1f1-4661-aa86-adfb9705c1d5,TB-APET,,LOT-0410-108,0.7,640.0,150.0,150.0,150.0,WH-A,in_stock,Initial System Seed,System,2026-04-10 10:11:25,System,2026-04-10 10:11:25,2026-04-10 10:11:25
631326d0-bf51-45cc-a40d-d3e312b06937,REC-INIT,db66aa7d-08f6-4c17-b52d-f3f024ed4b02,,,LOT-0410-113,0.58,640.0,350.0,350.0,350.0,WH-A,in_stock,Initial System Seed,System,2026-04-10 10:11:25,System,2026-04-10 10:11:25,2026-04-10 10:11:25
74fe17c4-30c4-434d-a9d3-98f71303f93d,REC-INIT,ec96d5be-df2d-4ec1-bf13-ad70740709b1,,,LOT-0410-114,1.48,520.0,100.0,100.0,100.0,WH-A,in_stock,Initial System Seed,System,2026-04-10 10:11:25,System,2026-04-10 10:11:25,2026-04-10 10:11:25
6415f4b4-3c34-4ce6-9fc5-32a319b8902c,REC-INIT,12a3b58c-6ada-4248-8638-930af080603f,,,LOT-0410-121,0.68,435.0,300.0,300.0,300.0,WH-A,in_stock,Initial System Seed,System,2026-04-10 10:11:25,System,2026-04-10 10:11:25,2026-04-10 10:11:25
3f6db76b-65c7-4b50-8e24-4faf252b4f2a,REC-INIT,e3b0395f-2591-4f70-993e-4a2ff5d4531c,,,LOT-0410-122,0.38,405.0,500.0,500.0,500.0,WH-A,in_stock,Initial System Seed,System,2026-04-10 10:11:25,System,2026-04-10 10:11:25,2026-04-10 10:11:25
336e32e0-ef26-465f-b9f2-6ee94b93ff59,REC-INIT,177efef0-6aed-49e2-b070-b8ad88bb3bed,,レグルス,LOT-0410-127,0.4,640.0,350.0,350.0,350.0,WH-A,in_stock,Initial System Seed,System,2026-04-10 10:11:25,System,2026-04-10 10:11:25,2026-04-10 10:11:25
af93eef4-2e79-44da-97d9-f69163055b63,REC-INIT,a65d5203-51c6-4652-8965-14745c74facd,,,LOT-0410-129,0.68,640.0,300.0,300.0,300.0,WH-A,in_stock,Initial System Seed,System,2026-04-10 10:11:25,System,2026-04-10 10:11:25,2026-04-10 10:11:25
f0410a1f-a937-4db6-889d-bb7c24cf8425,REC-INIT,b828c257-5671-413f-aade-7dcea16da980,,,LOT-0410-130,0.38,520.0,500.0,500.0,500.0,WH-A,in_stock,Initial System Seed,System,2026-04-10 10:11:25,System,2026-04-10 10:11:25,2026-04-10 10:11:25
a2c80388-4f30-4e06-8bfb-97882b7942f3,REC-INIT,e34f30cd-6b98-40b1-96a4-92f2ce8ac8e4,,レグルス,LOT-0410-135,0.48,520.0,300.0,300.0,300.0,WH-A,in_stock,Initial System Seed,System,2026-04-10 10:11:25,System,2026-04-10 10:11:25,2026-04-10 10:11:25
818234c3-e51e-48bd-bad8-fa073ee26359,REC-INIT,78f41439-ad6c-4e5c-a563-0b7e72a6b05b,,,LOT-0410-137,0.78,405.0,250.0,250.0,250.0,WH-A,in_stock,Initial System Seed,System,2026-04-10 10:11:25,System,2026-04-10 10:11:25,2026-04-10 10:11:25
e5951677-33a8-41bb-89c4-0c26ec72dbdc,REC-INIT,271fcf94-0e64-466d-a91f-8292c2e38bdc,,,LOT-0410-138,0.38,565.0,500.0,500.0,500.0,WH-A,in_stock,Initial System Seed,System,2026-04-10 10:11:25,System,2026-04-10 10:11:25,2026-04-10 10:11:25
4a60f2a6-8883-42c7-804a-e7b0df454a3c,REC-INIT,e71b63aa-0deb-44f5-acd4-c2a1386df6bb,,,LOT-0410-143,0.58,520.0,300.0,300.0,300.0,WH-A,in_stock,Initial System Seed,System,2026-04-10 10:11:25,System,2026-04-10 10:11:25,2026-04-10 10:11:25
2d3a3f85-8a73-4265-bcdf-dfcc05580492,REC-INIT,e01afa05-e6dd-4636-9e63-524f224892eb,,,LOT-0410-144,0.8,640.0,250.0,250.0,250.0,WH-A,in_stock,Initial System Seed,System,2026-04-10 10:11:25,System,2026-04-10 10:11:25,2026-04-10 10:11:25
9ebd10cb-3801-4dc0-a013-edbbc6f26099,REC-INIT,10f08a85-5e42-403c-8711-706572bb4681,,,LOT-0410-145,0.78,405.0,250.0,250.0,250.0,WH-A,in_stock,Initial System Seed,System,2026-04-10 10:11:25,System,2026-04-10 10:11:25,2026-04-10 10:11:25
342b069e-ee4f-4b5e-8e42-829e76ebd56e,REC-INIT,308810ca-ea95-47ed-94f6-5fbaef98acf5,,,LOT-0410-146,0.48,405.0,400.0,400.0,400.0,WH-A,in_stock,Initial System Seed,System,2026-04-10 10:11:25,System,2026-04-10 10:11:25,2026-04-10 10:11:25
a7c1cbcf-018b-4f96-a28f-2cc098e35cef,REC-INIT,06fe0b37-2a48-48d5-a869-e62ae316d82e,,,LOT-0410-151,0.68,550.0,150.0,150.0,150.0,WH-A,in_stock,Initial System Seed,System,2026-04-10 10:11:25,System,2026-04-10 10:11:25,2026-04-10 10:11:25
b8cb86b9-866e-4fd5-97e4-347f3bab332c,REC-INIT,63e0b45d-6625-4251-8ccf-4aa42931d330,,,LOT-0410-152,1.0,640.0,150.0,150.0,150.0,WH-A,in_stock,Initial System Seed,System,2026-04-10 10:11:25,System,2026-04-10 10:11:25,2026-04-10 10:11:25
01c3370e-1a78-46a6-a6d0-160ba590d29e,REC-INIT,95ed964a-d53f-4d5e-9bb9-d3b01e7f05c4,,,LOT-0410-153,0.78,435.0,300.0,300.0,300.0,WH-A,in_stock,Initial System Seed,System,2026-04-10 10:11:25,System,2026-04-10 10:11:25,2026-04-10 10:11:25
96d3bf7d-bf53-42f5-95f1-bb3311b14fc8,REC-INIT,cc430b34-879a-4f67-b84e-98b26fe4e5f9,,,LOT-0410-154,0.48,520.0,400.0,400.0,400.0,WH-A,in_stock,Initial System Seed,System,2026-04-10 10:11:25,System,2026-04-10 10:11:25,2026-04-10 10:11:25
9ad44781-2672-47af-ae1b-d5cc35a38ad2,REC-INIT,db5a31b3-6621-472e-b353-577bdabc5433,,レグルス,LOT-0410-159,0.68,520.0,250.0,250.0,250.0,WH-A,in_stock,Initial System Seed,System,2026-04-10 10:11:25,System,2026-04-10 10:11:25,2026-04-10 10:11:25
69049b45-4e90-4054-94fe-a96806c5b33b,REC-INIT,2a2fa83c-248b-430c-ae2e-c4c683de0225,,,LOT-0410-161,0.78,520.0,250.0,250.0,250.0,WH-A,in_stock,Initial System Seed,System,2026-04-10 10:11:25,System,2026-04-10 10:11:25,2026-04-10 10:11:25
5da174de-b5ac-4336-82e2-ac81efd40d0c,REC-INIT,2cd3ad66-9d0a-4d11-9c79-7ce0d92ccd3a,,,LOT-0410-162,0.48,550.0,400.0,400.0,400.0,WH-A,in_stock,Initial System Seed,System,2026-04-10 10:11:25,System,2026-04-10 10:11:25,2026-04-10 10:11:25
6ecba718-5a74-4d2f-8099-57712db1754f,REC-INIT,b4d753cf-9106-4d27-8468-68abfe3053af,,,LOT-0410-163,0.68,550.0,150.0,150.0,150.0,WH-A,in_stock,Initial System Seed,System,2026-04-10 10:11:25,System,2026-04-10 10:11:25,2026-04-10 10:11:25
74ef6dd0-31b8-4a7d-b309-ac554622e08c,REC-INIT,eb6dfeda-d4a6-4be4-be2e-f20a1ab7d770,,マルアイ,LOT-0410-166,0.68,640.0,150.0,150.0,150.0,WH-A,in_stock,Initial System Seed,System,2026-04-10 10:11:25,System,2026-04-10 10:11:25,2026-04-10 10:11:25
34798627-b095-4bff-9051-854965bd7819,REC-INIT,194ece59-4b8e-4a02-80ce-78d8ac9364f7,,,LOT-0410-167,0.55,520.0,300.0,300.0,300.0,WH-A,in_stock,Initial System Seed,System,2026-04-10 10:11:25,System,2026-04-10 10:11:25,2026-04-10 10:11:25
9c6cf697-8bec-47f6-af31-e7fd169889c8,REC-INIT,1560e5af-86b3-4af7-b6f3-583e34896a8f,,,LOT-0410-168,0.78,520.0,250.0,250.0,250.0,WH-A,in_stock,Initial System Seed,System,2026-04-10 10:11:25,System,2026-04-10 10:11:25,2026-04-10 10:11:25
f8ed561c-5ab7-433f-93bf-825627f22440,REC-INIT,4ca2580c-51df-467e-a59f-93a27786d17e,,共栄,LOT-0410-169,0.5,640.0,300.0,300.0,300.0,WH-A,in_stock,Initial System Seed,System,2026-04-10 10:11:25,System,2026-04-10 10:11:25,2026-04-10 10:11:25
27fd1192-eed6-42b1-a6a0-ad0bebc8a7b5,REC-INIT,f65c43a4-3b6e-4246-8c4f-fa18ed015aa0,,レグルス,LOT-0410-174,0.78,420.0,250.0,250.0,250.0,WH-A,in_stock,Initial System Seed,System,2026-04-10 10:11:25,System,2026-04-10 10:11:25,2026-04-10 10:11:25
bd1eec95-e60e-416b-ae58-bf7623392df9,REC-INIT,ffa8c66b-55ec-4300-91ac-d6242c2143f6,,,LOT-0410-176,0.78,550.0,250.0,250.0,250.0,WH-A,in_stock,Initial System Seed,System,2026-04-10 10:11:25,System,2026-04-10 10:11:25,2026-04-10 10:11:25
e280a3c1-7eb7-4556-90ba-86dae1825ab6,REC-INIT,cab076d9-493b-4a46-9e13-5430132603c6,,,LOT-0410-177,0.58,405.0,350.0,350.0,350.0,WH-A,in_stock,Initial System Seed,System,2026-04-10 10:11:25,System,2026-04-10 10:11:25,2026-04-10 10:11:25
42cd36c4-4447-4727-99e9-67a6c258c719,REC-INIT,e41c00a8-226b-40ce-8051-56d83cc52cf0,,,LOT-0410-179,0.7,520.0,300.0,300.0,300.0,WH-A,in_stock,Initial System Seed,System,2026-04-10 10:11:25,System,2026-04-10 10:11:25,2026-04-10 10:11:25
08bc3db3-d9ac-4297-902c-e103d67ce90b,REC-INIT,250c86a7-3494-4cd9-abfa-a10836ee251f,,,LOT-0410-182,0.78,520.0,250.0,250.0,250.0,WH-A,in_stock,Initial System Seed,System,2026-04-10 10:11:25,System,2026-04-10 10:11:25,2026-04-10 10:11:25
df1a51fa-59b5-4350-9cc2-eaad79ea6b39,REC-INIT,d4f2c52e-1dfa-43c4-bfb5-d6ff493ba0d7,,マルアイ,LOT-0410-183,1.0,405.0,150.0,150.0,150.0,WH-A,in_stock,Initial System Seed,System,2026-04-10 10:11:25,System,2026-04-10 10:11:25,2026-04-10 10:11:25
272e7624-381b-4977-8970-a61add813905,REC-INIT,1b2bfd0c-3f77-494f-83b8-424dd7c9149e,,,LOT-0410-184,0.98,405.0,200.0,200.0,200.0,WH-A,in_stock,Initial System Seed,System,2026-04-10 10:11:25,System,2026-04-10 10:11:25,2026-04-10 10:11:25
4830431e-743c-4b1e-8e7e-60c72a159dfb,REC-INIT,28d7ab3c-9bb6-4a43-98c8-75415db6c7bf,,,LOT-0410-185,0.58,520.0,350.0,350.0,350.0,WH-A,in_stock,Initial System Seed,System,2026-04-10 10:11:25,System,2026-04-10 10:11:25,2026-04-10 10:11:25
4e9a0fb4-2328-4982-a88e-ed16afeb038d,REC-INIT,230093b0-5b2c-4d73-8f1c-0e423468cf6a,,ミクローム,LOT-0410-186,1.0,520.0,200.0,200.0,200.0,WH-A,in_stock,Initial System Seed,System,2026-04-10 10:11:25,System,2026-04-10 10:11:25,2026-04-10 10:11:25
6b6f82d1-9455-4e1c-88fe-85a491ba0d5d,REC-INIT,7ab39207-1d04-43a8-a32d-9e0e42dd2d3e,,ミクローム,LOT-0410-190,1.0,640.0,200.0,200.0,200.0,WH-A,in_stock,Initial System Seed,System,2026-04-10 10:11:25,System,2026-04-10 10:11:25,2026-04-10 10:11:25
b05c9831-9384-4699-9ce4-e62992b05785,REC-INIT,925be86a-f2c1-4844-a8b8-1a565402243a,,,LOT-0410-191,0.98,435.0,250.0,250.0,250.0,WH-A,in_stock,Initial System Seed,System,2026-04-10 10:11:25,System,2026-04-10 10:11:25,2026-04-10 10:11:25
23705471-39c1-4760-8966-a9997781e038,REC-INIT,d4357d49-ab54-4036-ad95-6d18ae511252,,,LOT-0410-192,0.58,550.0,350.0,350.0,350.0,WH-A,in_stock,Initial System Seed,System,2026-04-10 10:11:25,System,2026-04-10 10:11:25,2026-04-10 10:11:25
4af558f4-6271-4c54-8797-92ec22c0ce10,REC-INIT,9126abaa-cbb6-4c9f-9cac-c5f46c21d290,,,LOT-0410-193,0.98,550.0,150.0,150.0,150.0,WH-A,in_stock,Initial System Seed,System,2026-04-10 10:11:25,System,2026-04-10 10:11:25,2026-04-10 10:11:25
2b3d0868-a484-4874-9fb4-eb1f75f210c0,REC-INIT,c14a317f-deff-45fe-8e72-0386b4093771,,,LOT-0410-198,0.98,550.0,200.0,200.0,200.0,WH-A,in_stock,Initial System Seed,System,2026-04-10 10:11:25,System,2026-04-10 10:11:25,2026-04-10 10:11:25
a3f2f28d-5f81-4541-bbcb-cfcefd649374,REC-INIT,5cd31f3e-c843-4a94-bbf2-95506832db4d,,,LOT-0410-199,0.98,520.0,200.0,200.0,200.0,WH-A,in_stock,Initial System Seed,System,2026-04-10 10:11:25,System,2026-04-10 10:11:25,2026-04-10 10:11:25
6ddfcf1e-a306-4dca-9fb3-b787136e8e07,REC-INIT,2bf34f94-f0a1-408a-9afe-eb0bf79c2643,,レグルス,LOT-0410-201,1.0,550.0,150.0,150.0,150.0,WH-A,in_stock,Initial System Seed,System,2026-04-10 10:11:25,System,2026-04-10 10:11:25,2026-04-10 10:11:25
356b15a8-5202-4b98-9206-b05fe1a09ba8,REC-INIT,ca14a75a-d62d-4154-9284-a4ec34c2c3c7,,,LOT-0410-207,0.98,520.0,200.0,200.0,200.0,WH-A,in_stock,Initial System Seed,System,2026-04-10 10:11:25,System,2026-04-10 10:11:25,2026-04-10 10:11:25
bdd2301a-795e-4446-971b-ba076d93ecde,REC-INIT,69e320b3-dad7-449d-8264-502288e05f2f,,,LOT-0410-210,0.2,640.0,300.0,300.0,300.0,WH-A,in_stock,Initial System Seed,System,2026-04-10 10:11:25,System,2026-04-10 10:11:25,2026-04-10 10:11:25
eba20f39-67cc-48df-b832-94549ab06bf3,REC-INIT,81d8e8b1-5c1c-47f1-801b-5a291299f4b2,,,LOT-0410-214,0.3,640.0,200.0,200.0,200.0,WH-A,in_stock,Initial System Seed,System,2026-04-10 10:11:25,System,2026-04-10 10:11:25,2026-04-10 10:11:25
bd585d2f-6fae-4344-8a9a-09d25e8164df,REC-INIT,d822c8fe-b7e4-4040-b1b3-416cb58e1916,,,LOT-0410-215,0.98,550.0,200.0,200.0,200.0,WH-A,in_stock,Initial System Seed,System,2026-04-10 10:11:25,System,2026-04-10 10:11:25,2026-04-10 10:11:25
3d131c28-76cc-47e8-832d-bd8225a7cfc3,REC-INIT,17520f59-5481-4639-95de-bcefd7d57d42,,RP東プラ株式会社,LOT-0410-216,0.78,520.0,250.0,250.0,250.0,WH-A,in_stock,Initial System Seed,System,2026-04-10 10:11:25,System,2026-04-10 10:11:25,2026-04-10 10:11:25
4df3788b-13e6-4892-82f7-4a9bd4ff9061,REC-INIT,30f0bfe1-e758-43e0-a14f-1db5c7b33894,,,LOT-0410-218,0.4,640.0,150.0,150.0,150.0,WH-A,in_stock,Initial System Seed,System,2026-04-10 10:11:25,System,2026-04-10 10:11:25,2026-04-10 10:11:25
8a22404e-578b-481a-87b2-ba28dab22acf,REC-INIT,83ae21dd-4f38-4fa6-af74-f323bb4811bc,,,LOT-0410-222,0.5,460.0,120.0,120.0,120.0,WH-A,in_stock,Initial System Seed,System,2026-04-10 10:11:25,System,2026-04-10 10:11:25,2026-04-10 10:11:25
df83db49-aada-4e23-9df7-5e9759e18a19,REC-INIT,6e470b67-c838-41bd-8baa-d295832b0523,,,LOT-0410-223,0.98,550.0,200.0,200.0,200.0,WH-A,in_stock,Initial System Seed,System,2026-04-10 10:11:25,System,2026-04-10 10:11:25,2026-04-10 10:11:25
0cedf2d4-a899-4de4-978d-047f0b38d477,REC-INIT,982755ba-b6c7-4fec-b04a-56881e0bff9e,,,LOT-0410-224,0.78,520.0,250.0,250.0,250.0,WH-A,in_stock,Initial System Seed,System,2026-04-10 10:11:25,System,2026-04-10 10:11:25,2026-04-10 10:11:25
bdb9ea23-cd55-48e9-a35d-fd4242642c02,REC-INIT,b003b2e2-3f23-49a3-a7a3-c58b4468eda5,,,LOT-0410-226,0.5,640.0,120.0,120.0,120.0,WH-A,in_stock,Initial System Seed,System,2026-04-10 10:11:25,System,2026-04-10 10:11:25,2026-04-10 10:11:25
6f913a14-fa56-4db1-9cbd-d5c1a260ec82,REC-INIT,19f0fd6a-88a9-4ece-8fad-3c248c46bcad,,,LOT-0410-230,0.6,640.0,100.0,100.0,100.0,WH-A,in_stock,Initial System Seed,System,2026-04-10 10:11:25,System,2026-04-10 10:11:25,2026-04-10 10:11:25
312e6c6d-f4ab-4573-8832-02ddfcf719f8,REC-INIT,f015bd22-657c-43be-9f31-19e74b62ac1a,,,LOT-0410-231,1.08,405.0,200.0,200.0,200.0,WH-A,in_stock,Initial System Seed,System,2026-04-10 10:11:25,System,2026-04-10 10:11:25,2026-04-10 10:11:25
3f21adb5-1187-4733-8237-21ace1e72b7b,REC-INIT,67bf4678-407f-45b0-bf34-c04785bc73d8,,,LOT-0410-232,0.78,550.0,300.0,300.0,300.0,WH-A,in_stock,Initial System Seed,System,2026-04-10 10:11:25,System,2026-04-10 10:11:25,2026-04-10 10:11:25
76a182ad-8487-46b0-b37a-47e4a89c9565,REC-INIT,d03eb401-e0df-4b29-8cf1-d44397dbec29,,,LOT-0410-233,0.4,640.0,300.0,300.0,300.0,WH-A,in_stock,Initial System Seed,System,2026-04-10 10:11:25,System,2026-04-10 10:11:25,2026-04-10 10:11:25
12b8414c-53c3-40fb-a778-5099ccbfcbaa,REC-INIT,a06e65ba-5989-4036-b7b8-460cabcb95dd,,,LOT-0410-234,0.8,640.0,100.0,100.0,100.0,WH-A,in_stock,Initial System Seed,System,2026-04-10 10:11:25,System,2026-04-10 10:11:25,2026-04-10 10:11:25
75aec446-a721-4fee-b256-e9b5e5dee416,REC-INIT,cb668139-67a8-42cf-a270-5c1c8d61b93d,,,LOT-0410-238,1.0,640.0,70.0,70.0,70.0,WH-A,in_stock,Initial System Seed,System,2026-04-10 10:11:25,System,2026-04-10 10:11:25,2026-04-10 10:11:25
c79522ec-aa3b-4a78-a7e9-bd76b4286ac7,REC-INIT,378d43ed-1a46-446e-84bf-c96c4c4e3746,,,LOT-0410-239,1.18,435.0,200.0,200.0,200.0,WH-A,in_stock,Initial System Seed,System,2026-04-10 10:11:25,System,2026-04-10 10:11:25,2026-04-10 10:11:25
de2e6be7-01a7-45e8-97e5-98e79b0458d9,REC-INIT,7da79f6f-b603-4b7b-a9fb-9b791cacd17b,,,LOT-0410-240,0.78,640.0,250.0,250.0,250.0,WH-A,in_stock,Initial System Seed,System,2026-04-10 10:11:25,System,2026-04-10 10:11:25,2026-04-10 10:11:25
c70ab0f7-df7c-483c-9bb2-a83b2299292a,REC-INIT,c098d4d7-47b9-4178-bb26-2362559a7fb3,,,LOT-0410-247,1.18,520.0,200.0,200.0,200.0,WH-A,in_stock,Initial System Seed,System,2026-04-10 10:11:25,System,2026-04-10 10:11:25,2026-04-10 10:11:25
bdc55f5f-a876-4a04-83ee-1a6431a1471f,REC-INIT,df791f1e-fad7-40b4-a00b-0092b021872d,,,LOT-0410-248,0.98,405.0,200.0,200.0,200.0,WH-A,in_stock,Initial System Seed,System,2026-04-10 10:11:25,System,2026-04-10 10:11:25,2026-04-10 10:11:25
4b3d26e2-2625-40c6-a238-5781feae95ce,REC-INIT,9cfd44f5-2664-4a9b-92c0-dc0456c2490a,PPF1.0X640X150,,LOT-0410-250,1.0,640.0,150.0,150.0,150.0,WH-A,in_stock,Initial System Seed,System,2026-04-10 10:11:25,System,2026-04-10 10:11:25,2026-04-10 10:11:25
bcaaf98d-be47-4a83-8829-0e4fa66a0499,REC-INIT,9fdb08f7-1739-4c11-b861-611a4e185e12,,,LOT-0410-255,1.48,520.0,155.0,155.0,155.0,WH-A,in_stock,Initial System Seed,System,2026-04-10 10:11:25,System,2026-04-10 10:11:25,2026-04-10 10:11:25
e9864bad-2337-447c-8d7b-d0c604bf5934,REC-INIT,f6c4d64e-1771-4ecd-aad2-9a554c3bba28,,,LOT-0410-256,0.98,520.0,200.0,200.0,200.0,WH-A,in_stock,Initial System Seed,System,2026-04-10 10:11:25,System,2026-04-10 10:11:25,2026-04-10 10:11:25
29893b83-375d-47ff-847a-3e7c1bf5a176,REC-INIT,8ae8229a-fa2b-47d6-836e-4639a9a57e27,,,LOT-0410-263,0.48,520.0,400.0,400.0,400.0,WH-A,in_stock,Initial System Seed,System,2026-04-10 10:11:25,System,2026-04-10 10:11:25,2026-04-10 10:11:25
d7fbfe23-d707-478d-9a20-baa8c244fe84,REC-INIT,e5caa827-0f2b-4033-8429-651e53374882,,,LOT-0410-271,0.78,405.0,250.0,250.0,250.0,WH-A,in_stock,Initial System Seed,System,2026-04-10 10:11:25,System,2026-04-10 10:11:25,2026-04-10 10:11:25
6bccb211-d5ba-4360-bc26-6cac59efbd1e,REC-INIT,d7d0596c-2a97-4a8c-84e8-48e1cdb17791,,,LOT-0410-272,0.98,670.0,200.0,200.0,200.0,WH-A,in_stock,Initial System Seed,System,2026-04-10 10:11:25,System,2026-04-10 10:11:25,2026-04-10 10:11:25
45bc4421-2ad9-4a82-98b5-d93dfb939e9d,REC-INIT,006164a8-e98a-4175-816c-7b7a78c5d1fa,,,LOT-0410-279,0.98,450.0,200.0,200.0,200.0,WH-A,in_stock,Initial System Seed,System,2026-04-10 10:11:25,System,2026-04-10 10:11:25,2026-04-10 10:11:25
fee45537-7f96-4175-acda-f740d8e9aa5f,REC-INIT,a73b88d9-ee7e-4888-bc96-022fe3706e02,,,LOT-0410-287,1.0,450.0,200.0,200.0,200.0,WH-A,in_stock,Initial System Seed,System,2026-04-10 10:11:25,System,2026-04-10 10:11:25,2026-04-10 10:11:25
005c03db-10a1-4d50-80d3-fef640345821,REC-INIT,8b6bad7b-d53d-41fe-9ed6-139d9e1b7acd,SCS.NK.APET,,LOT-0410-290,0.48,540.0,300.0,300.0,300.0,WH-A,in_stock,Initial System Seed,System,2026-04-10 10:11:25,System,2026-04-10 10:11:25,2026-04-10 10:11:25
4620e6b2-8793-4fc2-8214-f0b1e716bbee,REC-INIT,cd64b3e6-f502-4fa2-a33f-dcbe9a26b57c,,,LOT-0410-292,1.18,520.0,200.0,200.0,200.0,WH-A,in_stock,Initial System Seed,System,2026-04-10 10:11:25,System,2026-04-10 10:11:25,2026-04-10 10:11:25
28a82f54-84c9-4d7b-b11e-728aa847600a,REC-INIT,2c5e7391-496f-4d3e-8f16-3ec0b1f501fa,,,LOT-0410-295,1.0,400.0,200.0,200.0,200.0,WH-A,in_stock,Initial System Seed,System,2026-04-10 10:11:25,System,2026-04-10 10:11:25,2026-04-10 10:11:25
b3a7f2a5-7e32-41d6-98c3-91cf3209d787,REC-INIT,2d957a2e-e615-40ac-b420-162784799520,SCS.V.APET,,LOT-0410-298,1.0,550.0,150.0,150.0,150.0,WH-A,in_stock,Initial System Seed,System,2026-04-10 10:11:25,System,2026-04-10 10:11:25,2026-04-10 10:11:25
0417452d-aba4-4e92-9f97-384ca3b68ac9,REC-INIT,76f79343-779a-4948-b67f-ed3b0cb80edd,SCS.V.APET,,LOT-0410-302,0.98,670.0,100.0,100.0,100.0,WH-A,in_stock,Initial System Seed,System,2026-04-10 10:11:25,System,2026-04-10 10:11:25,2026-04-10 10:11:25
b2a4fbf2-7e5d-40cc-a5d8-5a3d4ece5644,REC-INIT,78f1cb79-ece3-41df-bd94-472331e9860b,,,LOT-0410-303,0.78,435.0,250.0,250.0,250.0,WH-A,in_stock,Initial System Seed,System,2026-04-10 10:11:25,System,2026-04-10 10:11:25,2026-04-10 10:11:25
dcbd0ebb-1dc9-4c36-b161-6e5052ccf93c,REC-INIT,2658cb53-056b-4b2a-ba83-69c6a606a867,,ミクローム,LOT-0410-312,2.0,640.0,100.0,100.0,100.0,WH-A,in_stock,Initial System Seed,System,2026-04-10 10:11:25,System,2026-04-10 10:11:25,2026-04-10 10:11:25
dd296b1b-eee6-4b2f-9070-43544e9e4ce0,REC-INIT,21d81674-152f-43bf-8107-7ead3bb700ae,,,LOT-0410-319,0.78,575.0,250.0,250.0,250.0,WH-A,in_stock,Initial System Seed,System,2026-04-10 10:11:25,System,2026-04-10 10:11:25,2026-04-10 10:11:25
bbc9c778-0b45-49a9-9c35-a8dc93689c17,REC-INIT,ae90f73a-280b-4eb4-a003-86fbe2b224ec,,,LOT-0410-320,0.6,600.0,340.0,340.0,340.0,WH-A,in_stock,Initial System Seed,System,2026-04-10 10:11:25,System,2026-04-10 10:11:25,2026-04-10 10:11:25
b82a1fa7-10c9-433c-a57c-83252d85f282,REC-INIT,adf10346-cbef-4907-9254-3a3f52ac51d8,,マルアイ,LOT-0410-321,1.0,640.0,100.0,100.0,100.0,WH-A,in_stock,Initial System Seed,System,2026-04-10 10:11:25,System,2026-04-10 10:11:25,2026-04-10 10:11:25
ef7922c1-1f53-43ce-80f0-4624008ee846,REC-INIT,6a28ec8f-80af-4d98-8494-518a2a96bca5,,RP東プラ株式会社,LOT-0410-322,0.5,640.0,200.0,200.0,200.0,WH-A,in_stock,Initial System Seed,System,2026-04-10 10:11:25,System,2026-04-10 10:11:25,2026-04-10 10:11:25
610752ea-8f59-46c9-a25a-8ac16559c2c2,REC-INIT,78797af4-4d47-406b-bfe8-177e42f0ef29,,RP東プラ株式会社,LOT-0410-326,0.6,640.0,250.0,250.0,250.0,WH-A,in_stock,Initial System Seed,System,2026-04-10 10:11:25,System,2026-04-10 10:11:25,2026-04-10 10:11:25
845285ef-9c0e-4438-be68-0c6fa5d3a3f0,REC-INIT,fe3e32e9-dd92-44b0-b1ee-4d8f7d12e7a9,,,LOT-0410-328,0.8,640.0,110.0,110.0,110.0,WH-A,in_stock,Initial System Seed,System,2026-04-10 10:11:25,System,2026-04-10 10:11:25,2026-04-10 10:11:25
eefded64-19b3-4bcf-9c16-9316b5a618fb,REC-INIT,debcb166-a43e-4478-aa9f-ae533a5ac64f,,,LOT-0410-329,1.0,405.0,200.0,200.0,200.0,WH-A,in_stock,Initial System Seed,System,2026-04-10 10:11:25,System,2026-04-10 10:11:25,2026-04-10 10:11:25
310244ef-0c11-4c08-a3aa-179447037e81,REC-INIT,a72b712d-b2f4-46a7-9b2d-28e1c2393918,,,LOT-0410-330,1.0,640.0,100.0,100.0,100.0,WH-A,in_stock,Initial System Seed,System,2026-04-10 10:11:25,System,2026-04-10 10:11:25,2026-04-10 10:11:25
78c1be8c-0c0a-47f6-ac58-ae4fc5220c88,REC-ETL,9584781d-5064-4da5-babb-59b094d2f594,,,LOT-ETL-2026-03-19-78c1,0.38,640.0,500.0,500.0,500.0,WH-A,in_stock,Auto-created from ETL,System,2026-03-19,ETL,2026-03-19,2026-03-19
f128cafc-88f5-46ab-b1c4-54634ff5378b,REC-ETL,b40ff18b-638a-4ef4-88e9-5dd5cac2a9ba,,,LOT-ETL-2026-03-19-f128,0.45,630.0,350.0,350.0,350.0,WH-A,in_stock,Auto-created from ETL,System,2026-03-19,ETL,2026-03-19,2026-03-19
bb45b39e-aee1-4a5c-a177-7c89fcdca3b5,REC-ETL,ef798a7d-675b-4b41-b533-aede8d29619f,,,LOT-ETL-2026-03-19-bb45,0.78,670.0,250.0,250.0,250.0,WH-A,in_stock,Auto-created from ETL,System,2026-03-19,ETL,2026-03-19,2026-03-19
13a8d6da-1531-409e-8b78-faeeec6ddcef,REC-ETL,9e3dadb2-4e07-4a01-9b09-4bf3b1a425a0,,,LOT-ETL-2026-03-19-13a8,0.88,520.0,200.0,200.0,200.0,WH-A,in_stock,Auto-created from ETL,System,2026-03-19,ETL,2026-03-19,2026-03-19
18b48e38-37bd-4e44-b893-e72cc2017c92,REC-ETL,e9cfcb3e-c99e-407d-8884-0d294de3fcc6,,,LOT-ETL-2026-03-19-18b4,0.88,670.0,250.0,250.0,250.0,WH-A,in_stock,Auto-created from ETL,System,2026-03-19,ETL,2026-03-19,2026-03-19
bf8f3c53-451d-497e-9e16-0dbe6694b868,REC-ETL,e5c89a5a-bd8a-476a-8c32-23390f0500df,,,LOT-ETL-2026-03-19-bf8f,1.18,550.0,200.0,200.0,200.0,WH-A,in_stock,Auto-created from ETL,System,2026-03-19,ETL,2026-03-19,2026-03-19
67f502f5-0749-4f14-b032-aae060fc79f6,REC-ETL,e35364ef-af93-4c05-b974-4aa3b9841e3f,,,LOT-ETL-2026-03-19-67f5,0.58,580.0,350.0,350.0,350.0,WH-A,in_stock,Auto-created from ETL,System,2026-03-19,ETL,2026-03-19,2026-03-19
43de2872-0fb7-497a-9e71-9f5a59969d75,REC-ETL,9f47d4b9-9453-40b6-8af0-4099f77221c6,,,LOT-ETL-2026-03-19-43de,0.98,580.0,200.0,200.0,200.0,WH-A,in_stock,Auto-created from ETL,System,2026-03-19,ETL,2026-03-19,2026-03-19
3dd4c291-4545-4c8f-8545-c55c117394ea,REC-ETL,a13cbb52-acea-436b-87aa-0d00fb3f5c0c,,,LOT-ETL-2026-03-19-3dd4,1.08,530.0,200.0,200.0,200.0,WH-A,in_stock,Auto-created from ETL,System,2026-03-19,ETL,2026-03-19,2026-03-19
a8a0811c-3594-4c9f-9f4c-1b409d5cb110,REC-ETL,ca614f1f-d232-4e86-adff-52cca372944f,,,LOT-ETL-2026-03-19-a8a0,1.18,640.0,150.0,150.0,150.0,WH-A,in_stock,Auto-created from ETL,System,2026-03-19,ETL,2026-03-19,2026-03-19
f87729d9-d4b5-47a7-9d3f-30d1078d9613,REC-ETL,149a5e82-14ed-4312-9a5b-d3494cb0debd,,,LOT-ETL-2026-03-19-f877,1.18,670.0,150.0,150.0,150.0,WH-A,in_stock,Auto-created from ETL,System,2026-03-19,ETL,2026-03-19,2026-03-19
ca94f613-173e-43da-90e6-a9d3d9357106,REC-ETL,6fef0c60-ed77-43dd-bd61-e659cee3baa9,,,LOT-ETL-2026-03-19-ca94,1.5,640.0,100.0,100.0,100.0,WH-A,in_stock,Auto-created from ETL,System,2026-03-19,ETL,2026-03-19,2026-03-19
64bac34b-fba7-409f-9fa3-a63be1e6a18c,REC-ETL,ad2362f0-42d4-430f-bf4f-c9e5027c0073,,,LOT-ETL-2026-03-19-64ba,1.48,640.0,150.0,150.0,150.0,WH-A,in_stock,Auto-created from ETL,System,2026-03-19,ETL,2026-03-19,2026-03-19
be67525d-ba5d-4723-854d-a786e6816b20,REC-ETL,c64d6a56-5d6d-4f09-88eb-eb6bb63b560d,,,LOT-ETL-2026-03-19-be67,0.48,580.0,350.0,350.0,350.0,WH-A,in_stock,Auto-created from ETL,System,2026-03-19,ETL,2026-03-19,2026-03-19
c0fe00ba-a61f-463c-9850-ad1d63c84601,REC-ETL,7101ced3-f061-4c6c-bab8-e17cb9f591ac,,,LOT-ETL-2026-03-19-c0fe,0.68,580.0,250.0,250.0,250.0,WH-A,in_stock,Auto-created from ETL,System,2026-03-19,ETL,2026-03-19,2026-03-19
e381df08-a872-4c64-a819-4f05042dd36f,REC-ETL,227b00ec-8bf6-4a02-a345-2421ba1a0cdd,,,LOT-ETL-2026-03-19-e381,0.78,690.0,150.0,150.0,150.0,WH-A,in_stock,Auto-created from ETL,System,2026-03-19,ETL,2026-03-19,2026-03-19
d94cdcee-8a7b-4d7d-bc67-39bfb6ef2e08,REC-ETL,73c0d2b7-65d7-4653-b540-0517d2ae8fc9,,,LOT-ETL-2026-03-19-d94c,0.78,580.0,200.0,200.0,200.0,WH-A,in_stock,Auto-created from ETL,System,2026-03-19,ETL,2026-03-19,2026-03-19
cce771e6-8329-4a92-b0ee-4760ba4cbd82,REC-ETL,3bbab894-0e9f-4f30-ba6a-70724ddc8f73,,,LOT-ETL-2026-03-19-cce7,0.98,690.0,150.0,150.0,150.0,WH-A,in_stock,Auto-created from ETL,System,2026-03-19,ETL,2026-03-19,2026-03-19
d2402ae2-2663-485e-a4d7-981f1aeb00ce,REC-ETL,1bdca1ab-0d63-46cd-a1d7-eac7cf9edefe,,,LOT-ETL-2026-03-19-d240,1.5,520.0,100.0,100.0,100.0,WH-A,in_stock,Auto-created from ETL,System,2026-03-19,ETL,2026-03-19,2026-03-19
81ac047e-1e9b-4b0e-84b9-22d99f8da82c,REC-ETL,9539bca0-ca84-434f-a0eb-b20f8b3a93b0,,,LOT-ETL-2026-03-19-81ac,0.48,515.0,400.0,400.0,400.0,WH-A,in_stock,Auto-created from ETL,System,2026-03-19,ETL,2026-03-19,2026-03-19
f978c1a3-e9c1-4bcd-b283-4ce702b72dfe,REC-ETL,cb799d01-d9aa-414c-8c00-7531ad3893dd,,,LOT-ETL-2026-03-19-f978,0.48,560.0,250.0,250.0,250.0,WH-A,in_stock,Auto-created from ETL,System,2026-03-19,ETL,2026-03-19,2026-03-19
8726cc32-e1ea-46fa-a3a1-2f86d5724e1f,REC-ETL,541902bd-9f46-4aa9-a7ef-a0aa65748186,,,LOT-ETL-2017-03-31-8726,0.78,520.0,250.0,250.0,250.0,WH-A,in_stock,Auto-created from ETL,System,2017-03-31,ETL,2017-03-31,2017-03-31
1433be10-179b-43b5-becc-b3edf7503cfd,REC-ETL,14fa9741-5bdc-4eb3-acd2-e9ac6d0dce56,,,LOT-ETL-2017-03-31-1433,0.78,405.0,250.0,250.0,250.0,WH-A,in_stock,Auto-created from ETL,System,2017-03-31,ETL,2017-03-31,2017-03-31
05485a75-5925-427d-9b93-3d30dc9389a3,REC-ETL,ed9c35aa-f8a9-44f2-baab-7d7799b7dc7a,,,LOT-ETL-2017-03-31-0548,0.48,520.0,300.0,300.0,300.0,WH-A,in_stock,Auto-created from ETL,System,2017-03-31,ETL,2017-03-31,2017-03-31
5089f9c1-5305-408a-bd8a-8591aa18cae3,REC-ETL,c8f5f54d-2500-4888-b7be-756d7392b10d,,,LOT-ETL-2017-03-31-5089,0.38,405.0,500.0,500.0,500.0,WH-A,in_stock,Auto-created from ETL,System,2017-03-31,ETL,2017-03-31,2017-03-31
f0718ba6-883f-4028-885b-6d8ba848a28c,REC-ETL,26644f48-26d2-4019-9c98-98745394f4fc,,,LOT-ETL-2017-03-31-f071,0.38,520.0,500.0,500.0,500.0,WH-A,in_stock,Auto-created from ETL,System,2017-03-31,ETL,2017-03-31,2017-03-31
a19faa1c-2f04-4c5d-b3c9-a64e08d631c7,REC-ETL,f3c6c52d-e469-4fc9-b321-605663e80a9e,,,LOT-ETL-2017-03-31-a19f,0.48,550.0,400.0,400.0,400.0,WH-A,in_stock,Auto-created from ETL,System,2017-03-31,ETL,2017-03-31,2017-03-31
1dfcbd68-82d6-44a4-a151-d447c36c55eb,REC-ETL,050f1b85-9e68-419f-a496-a4e9d35d1dc2,,,LOT-ETL-2017-03-31-1dfc,0.58,405.0,350.0,350.0,350.0,WH-A,in_stock,Auto-created from ETL,System,2017-03-31,ETL,2017-03-31,2017-03-31
7614a5d2-69dc-4110-9c86-c7e04822f866,REC-ETL,958ce681-511a-4e20-b776-b974b6255b16,,,LOT-ETL-2017-03-31-7614,0.58,550.0,350.0,350.0,350.0,WH-A,in_stock,Auto-created from ETL,System,2017-03-31,ETL,2017-03-31,2017-03-31
ba238027-f0e7-46f8-bcd1-7261a39841d8,REC-ETL,902c8993-7e43-43eb-815f-85f8ad954e43,,,LOT-ETL-2017-03-31-ba23,0.58,520.0,350.0,350.0,350.0,WH-A,in_stock,Auto-created from ETL,System,2017-03-31,ETL,2017-03-31,2017-03-31
2e2bc445-0830-4f52-bdb6-083aa3a6339d,REC-ETL,fa2710ff-376d-4040-8f31-d69ea7eda20c,,,LOT-ETL-2017-03-31-2e2b,0.98,520.0,200.0,200.0,200.0,WH-A,in_stock,Auto-created from ETL,System,2017-03-31,ETL,2017-03-31,2017-03-31
5d65b19f-4388-4929-a0ea-b3ab6634e8e7,REC-ETL,ef901847-92f1-4ff2-b7dd-9e37cf8d46b3,,,LOT-ETL-2017-03-31-5d65,0.68,350.0,300.0,300.0,300.0,WH-A,in_stock,Auto-created from ETL,System,2017-03-31,ETL,2017-03-31,2017-03-31
476a3b75-b648-4e35-9b92-d8d9c4764513,REC-ETL,bc64283f-125b-46db-aff1-9c7a9c793916,,,LOT-ETL-2017-03-31-476a,0.48,405.0,400.0,400.0,400.0,WH-A,in_stock,Auto-created from ETL,System,2017-03-31,ETL,2017-03-31,2017-03-31
5b5320dd-563f-45b7-8494-7c6109269cb0,REC-ETL,e8791d5c-ebfd-444e-a314-64a3dedda140,,,LOT-ETL-2017-03-31-5b53,0.68,640.0,200.0,200.0,200.0,WH-A,in_stock,Auto-created from ETL,System,2017-03-31,ETL,2017-03-31,2017-03-31
c271768b-840e-4c68-987c-291474d1fa8c,REC-ETL,6250c216-c708-4435-b175-6fbbf26455a3,,,LOT-ETL-2017-03-31-c271,380.0,565.0,500.0,500.0,500.0,WH-A,in_stock,Auto-created from ETL,System,2017-03-31,ETL,2017-03-31,2017-03-31
ec3dbe92-6471-4f5f-b5ab-6f8542f07469,REC-ETL,5203a1d2-a49f-4051-8173-981ab091f8e7,,,LOT-ETL-2017-03-31-ec3d,980.0,520.0,250.0,250.0,250.0,WH-A,in_stock,Auto-created from ETL,System,2017-03-31,ETL,2017-03-31,2017-03-31
f05d33c7-4ca9-4036-80a9-b1f7070582db,REC-ETL,abbde3c9-1fdf-44a6-a48b-6b80abd8178e,,,LOT-ETL-2017-03-31-f05d,0.98,550.0,200.0,200.0,200.0,WH-A,in_stock,Auto-created from ETL,System,2017-03-31,ETL,2017-03-31,2017-03-31
3b8cb8bd-c58e-4f21-9f72-9053f74db08b,REC-ETL,2a3f863c-e513-479d-94e8-297187bc3832,,,LOT-ETL-2017-03-31-3b8c,0.78,690.0,150.0,150.0,150.0,WH-A,in_stock,Auto-created from ETL,System,2017-03-31,ETL,2017-03-31,2017-03-31
757194e7-60d7-4f04-92ab-835ae3c1ad6a,REC-ETL,a7d6aece-de72-47f1-b067-19644d7a1c2b,,,LOT-ETL-2017-03-31-7571,0.4,350.0,400.0,400.0,400.0,WH-A,in_stock,Auto-created from ETL,System,2017-03-31,ETL,2017-03-31,2017-03-31
fd2862e8-c2a3-4bea-91b7-4ba3d66a55ea,REC-ETL,95f274b1-fb99-4558-906e-21c8defe5076,,,LOT-ETL-2017-03-31-fd28,0.78,435.0,250.0,250.0,250.0,WH-A,in_stock,Auto-created from ETL,System,2017-03-31,ETL,2017-03-31,2017-03-31
63d3a9cb-49a9-4d2a-93b6-1085248afce4,REC-ETL,605812e1-daed-4627-8220-69e48da4f39f,,,LOT-ETL-2017-03-31-63d3,0.58,435.0,350.0,350.0,350.0,WH-A,in_stock,Auto-created from ETL,System,2017-03-31,ETL,2017-03-31,2017-03-31
22a8d597-6e86-46e6-adcd-862866eaa871,REC-ETL,2b3f3e4b-6d21-4044-9628-9ddc3fbe1f29,,,LOT-ETL-2017-03-31-22a8,0.4,575.0,400.0,400.0,400.0,WH-A,in_stock,Auto-created from ETL,System,2017-03-31,ETL,2017-03-31,2017-03-31
522c4ab7-a033-4188-b012-7598bd4f2857,REC-ETL,5e1be775-463e-46e3-b1b7-75f6e67a23df,,,LOT-ETL-2017-03-31-522c,0.98,405.0,200.0,200.0,200.0,WH-A,in_stock,Auto-created from ETL,System,2017-03-31,ETL,2017-03-31,2017-03-31
2d6659f2-8514-46dd-98fb-177bbeafa9cd,REC-ETL,62c7eeca-86a8-417e-9ea8-a553ccc69699,,,LOT-ETL-2017-03-31-2d66,1.18,435.0,200.0,200.0,200.0,WH-A,in_stock,Auto-created from ETL,System,2017-03-31,ETL,2017-03-31,2017-03-31
3bf907b6-39b8-419c-909d-50cefc56a5b9,REC-ETL,4444b9f2-c5d7-45f0-9a2f-0a424c4fa6b7,,,LOT-ETL-2017-03-31-3bf9,1.08,405.0,200.0,200.0,200.0,WH-A,in_stock,Auto-created from ETL,System,2017-03-31,ETL,2017-03-31,2017-03-31
1db966d5-17e7-48da-8a1b-21571079e96f,REC-ETL,d7d8d78d-338c-4df8-875b-b22c1c1cac84,,,LOT-ETL-2017-03-31-1db9,0.68,435.0,300.0,300.0,300.0,WH-A,in_stock,Auto-created from ETL,System,2017-03-31,ETL,2017-03-31,2017-03-31
cce03778-9cd9-470b-a4d6-a49a2bca223a,REC-ETL,b4866c73-2d1c-4460-a444-a8143474dd74,,,LOT-ETL-2017-03-31-cce0,0.3,520.0,600.0,600.0,600.0,WH-A,in_stock,Auto-created from ETL,System,2017-03-31,ETL,2017-03-31,2017-03-31
f4df1ddc-c02f-4853-a8eb-dd96575ce3ce,REC-ETL,0d0e8576-abc4-4f64-8e30-1e866ee51c7b,,,LOT-ETL-2017-03-31-f4df,0.78,550.0,250.0,250.0,250.0,WH-A,in_stock,Auto-created from ETL,System,2017-03-31,ETL,2017-03-31,2017-03-31
f906ba12-e07d-4c24-946c-70634d661942,REC-ETL,072b6939-c61c-4f2a-a610-10c5efd65645,,,LOT-ETL-2017-03-31-f906,0.88,520.0,200.0,200.0,200.0,WH-A,in_stock,Auto-created from ETL,System,2017-03-31,ETL,2017-03-31,2017-03-31
e591c0f7-85cb-493a-b8bd-775230ac49ea,REC-ETL,b178df14-22dd-405e-a3d7-bca2a1b4b23d,,,LOT-ETL-2017-03-31-e591,1.5,520.0,100.0,100.0,100.0,WH-A,in_stock,Auto-created from ETL,System,2017-03-31,ETL,2017-03-31,2017-03-31
5bf88079-90fa-4b05-9c20-4bf963b56e66,REC-ETL,8742de55-6161-4c58-9e86-f593e8e90a7f,,,LOT-ETL-2017-03-31-5bf8,1.18,520.0,200.0,200.0,200.0,WH-A,in_stock,Auto-created from ETL,System,2017-03-31,ETL,2017-03-31,2017-03-31
2cb2953a-d29a-4e38-a35a-7640f8d79be4,REC-ETL,b53e4c2b-fb9e-4aa7-aba2-d571c2eea316,,,LOT-ETL-2024-01-06-2cb2,0.58,640.0,350.0,350.0,350.0,WH-A,in_stock,Auto-created from ETL,System,2024-01-06,ETL,2024-01-06,2024-01-06
704dedf0-6a60-4a5f-bf58-36175a3f1c39,REC-ETL,00736a9a-75b6-42c6-a25c-f9e78199af94,,,LOT-ETL-2024-01-06-704d,0.78,640.0,250.0,250.0,250.0,WH-A,in_stock,Auto-created from ETL,System,2024-01-06,ETL,2024-01-06,2024-01-06
fcb9f431-1fce-4bf5-bd38-cb70eae355ad,REC-ETL,1a43ed01-4acd-4d3d-8c26-93eec44a2f08,,,LOT-ETL-2024-01-06-fcb9,0.8,520.0,300.0,300.0,300.0,WH-A,in_stock,Auto-created from ETL,System,2024-01-06,ETL,2024-01-06,2024-01-06
943c6a35-58f8-4445-b5f9-882646957482,REC-ETL,3bfbc88b-157e-40c2-8a93-d82a284c5ae0,,,LOT-ETL-2024-01-06-943c,0.88,670.0,250.0,250.0,250.0,WH-A,in_stock,Auto-created from ETL,System,2024-01-06,ETL,2024-01-06,2024-01-06
1d7c2dcc-32ab-4ac9-9003-a2bea5d1d3d7,REC-ETL,d3a7acfe-9623-4762-87cd-1656c6683a9a,,,LOT-ETL-2024-01-06-1d7c,0.88,585.0,200.0,200.0,200.0,WH-A,in_stock,Auto-created from ETL,System,2024-01-06,ETL,2024-01-06,2024-01-06
b09f62df-0b8a-4ef5-a4ad-e09909eed65e,REC-ETL,7749d832-2804-4937-9193-ba04d12b587f,,,LOT-ETL-2024-01-06-b09f,0.98,435.0,250.0,250.0,250.0,WH-A,in_stock,Auto-created from ETL,System,2024-01-06,ETL,2024-01-06,2024-01-06
e8e89d3d-2c76-4473-a46a-b2f32ed6d5ab,REC-ETL,74b60179-bd32-4723-9f05-2807003042a1,,,LOT-ETL-2024-01-06-e8e8,1.18,550.0,200.0,200.0,200.0,WH-A,in_stock,Auto-created from ETL,System,2024-01-06,ETL,2024-01-06,2024-01-06
4412d02f-48c2-4129-8794-5930867047cc,REC-ETL,d0fca786-468f-4d93-952f-d1ef4ac88b7d,,,LOT-ETL-2024-01-06-4412,48.0,520.0,155.0,155.0,155.0,WH-A,in_stock,Auto-created from ETL,System,2024-01-06,ETL,2024-01-06,2024-01-06
4cf94658-7a43-4459-aca7-6352410705dc,REC-ETL,412dbb17-749c-42a5-95cd-ebb0f2f50e38,,,LOT-ETL-2024-01-06-4cf9,0.38,565.0,500.0,500.0,500.0,WH-A,in_stock,Auto-created from ETL,System,2024-01-06,ETL,2024-01-06,2024-01-06
feabe5ed-f2c9-4e0a-8be2-b659eb1c75f9,REC-ETL,24e159fe-0269-4071-9a75-73d66417fad0,,,LOT-ETL-2024-01-06-feab,0.58,580.0,350.0,350.0,350.0,WH-A,in_stock,Auto-created from ETL,System,2024-01-06,ETL,2024-01-06,2024-01-06
c8ef6905-5f80-4515-909e-b79216dcf7cf,REC-ETL,70e54857-b828-4fe2-8a0d-b23afe495f3e,,,LOT-ETL-2024-01-06-c8ef,0.98,580.0,200.0,200.0,200.0,WH-A,in_stock,Auto-created from ETL,System,2024-01-06,ETL,2024-01-06,2024-01-06
6c07bc8b-dd9b-42c7-84ab-0dc2bed2783a,REC-ETL,b3044609-7a94-4ebf-9bad-b072eb89df52,,,LOT-ETL-2024-01-06-6c07,0.98,670.0,200.0,200.0,200.0,WH-A,in_stock,Auto-created from ETL,System,2024-01-06,ETL,2024-01-06,2024-01-06
59ac8e40-5ca3-4581-83bc-6d5e2d2a592f,REC-ETL,e2757d59-e78f-498d-a8d2-a9af8c82c793,,,LOT-ETL-2024-01-06-59ac,1.08,520.0,200.0,200.0,200.0,WH-A,in_stock,Auto-created from ETL,System,2024-01-06,ETL,2024-01-06,2024-01-06
4d2dc1de-f8fc-4206-b4bb-43c0ef29ffc1,REC-ETL,1118f577-d9fa-4e64-a971-113cd65dc50b,,,LOT-ETL-2024-01-06-4d2d,1.08,530.0,250.0,250.0,250.0,WH-A,in_stock,Auto-created from ETL,System,2024-01-06,ETL,2024-01-06,2024-01-06
05d2e17b-8f0d-4292-aacd-4f12d84e54cb,REC-ETL,9a860ea1-f7c8-4c62-bac4-81ff97d23fb3,,,LOT-ETL-2024-01-06-05d2,1.1,520.0,200.0,200.0,200.0,WH-A,in_stock,Auto-created from ETL,System,2024-01-06,ETL,2024-01-06,2024-01-06
81d856cb-3ed7-4b66-bede-481a4e19d51f,REC-ETL,b984a2bd-bcb7-4358-b5ca-d6b2484fac2e,,,LOT-ETL-2024-01-06-81d8,1.18,670.0,150.0,150.0,150.0,WH-A,in_stock,Auto-created from ETL,System,2024-01-06,ETL,2024-01-06,2024-01-06
455aab93-639c-46a3-bdec-48b68debd2f8,REC-ETL,249a1607-215a-45ed-b1dc-748273065e19,,,LOT-ETL-2024-01-06-455a,1.48,640.0,150.0,150.0,150.0,WH-A,in_stock,Auto-created from ETL,System,2024-01-06,ETL,2024-01-06,2024-01-06
265982c1-b162-4074-aa82-682166127e72,REC-ETL,e67e7cd6-9525-415f-86c6-8e668216c107,,,LOT-ETL-2024-01-06-2659,0.25,520.0,500.0,500.0,500.0,WH-A,in_stock,Auto-created from ETL,System,2024-01-06,ETL,2024-01-06,2024-01-06
de43aedd-656b-43ed-9ea4-f1de6a6dfe68,REC-ETL,de3c7e80-90ac-4ecd-b7a8-249378c67a33,,,LOT-ETL-2024-01-06-de43,0.4,640.0,300.0,300.0,300.0,WH-A,in_stock,Auto-created from ETL,System,2024-01-06,ETL,2024-01-06,2024-01-06
c448ba16-533c-4166-a38a-b60131daf164,REC-ETL,c24fc3c0-5af8-44d6-a5cd-76949842fdd6,,,LOT-ETL-2024-01-06-c448,0.98,690.0,150.0,150.0,150.0,WH-A,in_stock,Auto-created from ETL,System,2024-01-06,ETL,2024-01-06,2024-01-06
1218a2a2-5dfd-462b-aca7-c4eebe99fa7b,REC-ETL,2754a11c-fc0d-4ab2-b304-9d0a4a00a94f,,,LOT-ETL-2024-01-06-1218,0.98,640.0,150.0,150.0,150.0,WH-A,in_stock,Auto-created from ETL,System,2024-01-06,ETL,2024-01-06,2024-01-06
6c709334-163b-4c1f-8bb5-0505e66d6a21,REC-ETL,527f6a66-89d8-4a49-a4ae-a94edc5ab278,,,LOT-ETL-2024-01-06-6c70,0.98,440.0,200.0,200.0,200.0,WH-A,in_stock,Auto-created from ETL,System,2024-01-06,ETL,2024-01-06,2024-01-06
91a6db10-a8af-407e-b884-0b7ce508433b,REC-ETL,3a9a9399-e683-4922-a689-ddc412c5c0ef,,,LOT-ETL-2024-01-06-91a6,0.48,420.0,400.0,400.0,400.0,WH-A,in_stock,Auto-created from ETL,System,2024-01-06,ETL,2024-01-06,2024-01-06
eae36740-743b-4dcf-a71c-89bd247c55bd,REC-ETL,26801b8e-9d74-43d0-8fd4-7bdc812af71a,,,LOT-ETL-2024-01-06-eae3,0.58,485.0,350.0,350.0,350.0,WH-A,in_stock,Auto-created from ETL,System,2024-01-06,ETL,2024-01-06,2024-01-06
48863e31-029d-4d1c-85eb-0c4ffae79c81,REC-ETL,298239a5-bfb5-4c1d-a956-0f8cf3755e35,,,LOT-ETL-2024-01-06-4886,0.78,420.0,250.0,250.0,250.0,WH-A,in_stock,Auto-created from ETL,System,2024-01-06,ETL,2024-01-06,2024-01-06
e2e2a730-b0dd-4761-a18c-13320eeabd22,REC-ETL,487836ea-b2f7-453a-bc76-69259461f172,,,LOT-ETL-2024-01-06-e2e2,1.0,550.0,100.0,100.0,100.0,WH-A,in_stock,Auto-created from ETL,System,2024-01-06,ETL,2024-01-06,2024-01-06
c856eb50-f7e9-4dee-b84f-6c2da22b1bd8,REC-ETL,bfd8f4fb-d65e-4ddc-9b2b-27d049ff7c7f,,,LOT-ETL-2024-01-06-c856,0.68,520.0,300.0,300.0,300.0,WH-A,in_stock,Auto-created from ETL,System,2024-01-06,ETL,2024-01-06,2024-01-06
f5f7b338-8093-48f4-ae9c-2c9bd00aec73,REC-ETL,85b33eb5-44a6-43b6-aa3a-e1ec6b4d71c7,,,LOT-ETL-2024-01-06-f5f7,0.48,515.0,400.0,400.0,400.0,WH-A,in_stock,Auto-created from ETL,System,2024-01-06,ETL,2024-01-06,2024-01-06
12d0f0f9-8b19-4465-bdb8-56a070ee9e9e,REC-ETL,1b04b4e0-c6b2-42f3-a942-d8bcc5705349,,,LOT-ETL-2024-01-06-12d0,0.48,540.0,300.0,300.0,300.0,WH-A,in_stock,Auto-created from ETL,System,2024-01-06,ETL,2024-01-06,2024-01-06
a81dba7d-7144-4503-bad9-22f8c9add741,REC-ETL,22680a32-c0e0-41b4-ab6c-a5664de7da38,,,LOT-ETL-2024-01-06-a81d,0.5,640.0,200.0,200.0,200.0,WH-A,in_stock,Auto-created from ETL,System,2024-01-06,ETL,2024-01-06,2024-01-06
ecaf73ac-c653-4ea4-9f9a-1b616d950b6b,REC-ETL,91e01485-3d15-40ba-97c6-768c65a98469,,,LOT-ETL-2024-01-06-ecaf,0.48,560.0,250.0,250.0,250.0,WH-A,in_stock,Auto-created from ETL,System,2024-01-06,ETL,2024-01-06,2024-01-06
c7656c60-d2b5-4ef3-95fd-6d6dc7681c77,REC-ETL,a28ffab9-d7d8-4076-b508-b406843c58b0,,,LOT-ETL-2024-01-06-c765,0.68,550.0,150.0,150.0,150.0,WH-A,in_stock,Auto-created from ETL,System,2024-01-06,ETL,2024-01-06,2024-01-06
0c909be8-dfae-4399-bd38-55bd404fbd6d,REC-ETL,b586f091-9753-41e3-9aaf-b4c118eaf677,,,LOT-ETL-2024-01-06-0c90,1.2,520.0,200.0,200.0,200.0,WH-A,in_stock,Auto-created from ETL,System,2024-01-06,ETL,2024-01-06,2024-01-06
a3fc6e03-579d-4f57-87c4-61ffa8862b47,REC-ETL,a1c64f59-c869-4fe8-b0ed-436111b2e5ec,,,LOT-ETL-2024-01-06-a3fc,0.48,610.0,250.0,250.0,250.0,WH-A,in_stock,Auto-created from ETL,System,2024-01-06,ETL,2024-01-06,2024-01-06
322e9797-fbbd-49af-a64f-db8eee26b2ad,REC-ETL,3d4692d9-d53f-45a0-a3e4-edfd48242751,,,LOT-ETL-2024-01-06-322e,0.7,520.0,200.0,200.0,200.0,WH-A,in_stock,Auto-created from ETL,System,2024-01-06,ETL,2024-01-06,2024-01-06
1a326d69-fc4d-45e0-9918-aeed3c91114c,REC-ETL,3ca600ef-eef1-40c3-abcd-6641d8f81980,,,LOT-ETL-2024-03-18-1a32,0.45,630.0,350.0,350.0,350.0,WH-A,in_stock,Auto-created from ETL,System,2024-03-18,ETL,2024-03-18,2024-03-18
105dd6b6-546d-459f-9b53-d36051b02f86,REC-ETL,d721b74c-6f1b-4166-a121-c2750577d3fc,,,LOT-ETL-2024-03-18-105d,0.55,520.0,300.0,300.0,300.0,WH-A,in_stock,Auto-created from ETL,System,2024-03-18,ETL,2024-03-18,2024-03-18
5ba4cd1b-7ca1-46a0-b19f-622e37b08944,REC-ETL,abe13424-7fac-44f1-a7ee-6e53355b1c07,,,LOT-ETL-2024-03-18-5ba4,0.58,600.0,350.0,350.0,350.0,WH-A,in_stock,Auto-created from ETL,System,2024-03-18,ETL,2024-03-18,2024-03-18
339e3160-8f20-4c4f-b0b8-e835bc849dc0,REC-ETL,f2665237-a40e-4d0a-b082-555c28f04072,,,LOT-ETL-2024-03-18-339e,0.78,575.0,250.0,250.0,250.0,WH-A,in_stock,Auto-created from ETL,System,2024-03-18,ETL,2024-03-18,2024-03-18
4acc3ad1-57e8-4446-9984-1dd0e04cada7,REC-ETL,3f1be39b-ed4b-48e8-9484-7c8de5d7a19d,,,LOT-ETL-2024-03-18-4acc,0.78,670.0,250.0,250.0,250.0,WH-A,in_stock,Auto-created from ETL,System,2024-03-18,ETL,2024-03-18,2024-03-18
2fc04409-c8fb-4b0c-9bd5-122a53767bf2,REC-ETL,e4afac4b-6959-4245-945c-980b9e2cd5fb,,,LOT-ETL-2024-03-18-2fc0,1.0,640.0,150.0,150.0,150.0,WH-A,in_stock,Auto-created from ETL,System,2024-03-18,ETL,2024-03-18,2024-03-18
f4cea2ed-1824-435c-877d-10b47994178e,REC-ETL,555262fb-5eea-4863-83b6-92e7dda4b05a,,,LOT-ETL-2024-03-18-f4ce,1.48,520.0,155.0,155.0,155.0,WH-A,in_stock,Auto-created from ETL,System,2024-03-18,ETL,2024-03-18,2024-03-18
47220d26-f119-4399-b2dc-0e4bdbf3ee7d,REC-ETL,fbd80d8e-db88-4f2c-ae7e-928beeef44df,,,LOT-ETL-2024-03-18-4722,1.18,640.0,150.0,150.0,150.0,WH-A,in_stock,Auto-created from ETL,System,2024-03-18,ETL,2024-03-18,2024-03-18
94d28e22-ce70-4bf3-a91d-3ae84d2d9dc0,REC-ETL,9ea0f13d-ff9f-42a6-a957-983305b86e86,,,LOT-ETL-2024-03-18-94d2,1.5,640.0,100.0,100.0,100.0,WH-A,in_stock,Auto-created from ETL,System,2024-03-18,ETL,2024-03-18,2024-03-18
64b27784-32f5-4555-aa48-296e3b06e40e,REC-ETL,5d313198-aa04-4382-b133-fb8da70c653c,,,LOT-ETL-2024-03-18-64b2,0.5,460.0,100.0,100.0,100.0,WH-A,in_stock,Auto-created from ETL,System,2024-03-18,ETL,2024-03-18,2024-03-18
4a04da59-5185-440d-9b8f-e91e53ce3355,REC-ETL,e5850582-cd1d-40f3-a3a6-e62038ae2d6c,,,LOT-ETL-2024-03-18-4a04,0.48,580.0,350.0,350.0,350.0,WH-A,in_stock,Auto-created from ETL,System,2024-03-18,ETL,2024-03-18,2024-03-18
9d7987e4-7bce-4ef2-8832-6bad96b7ac85,REC-ETL,49ecdb0d-5691-49e9-91cd-b9b11ea67c2f,,,LOT-ETL-2024-03-18-9d79,0.6,640.0,100.0,100.0,100.0,WH-A,in_stock,Auto-created from ETL,System,2024-03-18,ETL,2024-03-18,2024-03-18
76cebcec-9294-4ae7-997a-d88bd8dbe2e6,REC-ETL,cfa42114-11ed-4750-8d9c-7b2ec1f013eb,,,LOT-ETL-2024-03-18-76ce,0.68,580.0,250.0,250.0,250.0,WH-A,in_stock,Auto-created from ETL,System,2024-03-18,ETL,2024-03-18,2024-03-18
12a11c8e-6bdc-4150-8f77-2cbf641cf068,REC-ETL,9135be15-02c2-40e9-8107-5c91649ee28b,,,LOT-ETL-2024-03-18-12a1,0.8,640.0,100.0,100.0,100.0,WH-A,in_stock,Auto-created from ETL,System,2024-03-18,ETL,2024-03-18,2024-03-18
0869fe40-5f41-4901-b126-7d76f5758e04,REC-ETL,05b5b640-2848-4c0c-afd2-0478f191dc01,,,LOT-ETL-2024-03-18-0869,0.78,580.0,200.0,200.0,200.0,WH-A,in_stock,Auto-created from ETL,System,2024-03-18,ETL,2024-03-18,2024-03-18
534acc74-8ba1-49b2-bc2c-f391d442b704,REC-ETL,d4cf49fa-8aa5-44b5-a696-27a1cd2cfcd4,,,LOT-ETL-2024-03-18-534a,1.0,450.0,200.0,200.0,200.0,WH-A,in_stock,Auto-created from ETL,System,2024-03-18,ETL,2024-03-18,2024-03-18
e60479f5-c9d9-4289-a393-da9c290c0aaf,REC-ETL,c2e2cd6b-763a-42c8-8aaf-a640ab72b593,,,LOT-ETL-2024-03-18-e604,0.7,640.0,220.0,220.0,220.0,WH-A,in_stock,Auto-created from ETL,System,2024-03-18,ETL,2024-03-18,2024-03-18
89b6a6cf-80b0-414c-bd5c-235405e838df,REC-ETL,d4231ed3-3b8c-4e24-9263-6eae09673c1d,,,LOT-ETL-2024-03-18-89b6,2.0,640.0,100.0,100.0,100.0,WH-A,in_stock,Auto-created from ETL,System,2024-03-18,ETL,2024-03-18,2024-03-18
e3107042-3f34-4c1b-9711-76d42f097c68,REC-ETL,778f7015-8bb7-490f-a415-2c4476285221,,,LOT-ETL-2024-03-18-e310,0.2,640.0,300.0,300.0,300.0,WH-A,in_stock,Auto-created from ETL,System,2024-03-18,ETL,2024-03-18,2024-03-18
00ce7be3-89cc-45c2-8057-d77a01bce117,REC-ETL,f02e0b42-2d6f-401c-98a5-0a4cd8b01647,,,LOT-ETL-2024-03-18-00ce,0.3,640.0,200.0,200.0,200.0,WH-A,in_stock,Auto-created from ETL,System,2024-03-18,ETL,2024-03-18,2024-03-18
e635879b-e5b4-475c-8072-2df2b8455f8a,REC-ETL,fe46d356-d20c-4e58-8616-dc8230e655d1,,,LOT-ETL-2024-11-25-e635,0.6,600.0,340.0,340.0,340.0,WH-A,in_stock,Auto-created from ETL,System,2024-11-25,ETL,2024-11-25,2024-11-25
285468ff-93eb-4cc9-a5ac-a61f671510ef,REC-ETL,7157db84-214c-4f80-b0bf-c10808bf3970,,,LOT-ETL-2025-04-30-2854,0.38,640.0,500.0,500.0,500.0,WH-A,in_stock,Auto-created from ETL,System,2025-04-30,ETL,2025-04-30,2025-04-30
f698206a-4ebb-4771-873e-33a663b96dbc,REC-ETL,4020da85-6876-47b3-be7b-5e79506db96d,,,LOT-ETL-2025-08-01-f698,1.0,405.0,200.0,200.0,200.0,WH-A,in_stock,Auto-created from ETL,System,2025-08-01,ETL,2025-08-01,2025-08-01
65441ecb-bf03-4d35-a9ba-2d78f5f59b7e,REC-ETL,92c26ad9-caff-485b-bb7c-1ebd0351effb,,,LOT-ETL-2026-01-01-6544,0.98,450.0,200.0,200.0,200.0,WH-A,in_stock,Auto-created from ETL,System,2026-01-01,ETL,2026-01-01,2026-01-01
b56c1a8b-f94e-4d4b-abb3-415d46ea8cdb,SYS-INIT-CUSTOM,c12009bc-c666-4b05-b02b-7d9db208e2bf,,ｻﾝﾌﾟﾗｽ,,0.5,670,,,1750.0,日三化成,AVAILABLE,,,,ETL_System_Custom,2026-04-10T14:36:43.990939,
f5eef21a-fb7d-4a4c-a8c8-dedf2ea6ba5b,SYS-INIT-CUSTOM,c3cddbb7-3fa1-4817-ade7-bd9842bbc746,,ｻﾝﾌﾟﾗｽ,,0.7,520,,,1073.0,日三化成,AVAILABLE,,,,ETL_System_Custom,2026-04-10T14:36:43.990939,
ca004ae6-c0bb-4a41-bca3-1c42e5383648,SYS-INIT-CUSTOM,27ccfa1c-8570-462e-bf14-877a60bdf0d6,,ﾐﾈﾛﾝ,,0.3,520,,,3792.0,日三化成,AVAILABLE,,,,ETL_System_Custom,2026-04-10T14:36:43.990939,
7475074e-63a4-4d4b-b02d-14be68826666,SYS-INIT-CUSTOM,e67e655c-2a49-44a4-ac70-3ba160c0f2e1,,ﾐﾈﾛﾝ,,0.3,670,,,7897.0,日三化成,AVAILABLE,,,,ETL_System_Custom,2026-04-10T14:36:43.990939,
c29a400f-6148-4de0-86fe-166bf9ec893e,SYS-INIT-CUSTOM,20f94e27-cf33-4ffb-81a2-6e39bf124136,,進栄,,0.4,640,,,85.0,日三化成,AVAILABLE,,,,ETL_System_Custom,2026-04-10T14:36:43.990939,
259d7e66-6714-451b-a2a0-a6c6849cf1cc,SYS-INIT-CUSTOM,c2bf5e27-7a32-4fed-bc52-03275fabb132,,進栄,,0.5,610,,,27703.0,日三化成,AVAILABLE,,,,ETL_System_Custom,2026-04-10T14:36:43.990939,
f3649d31-36c8-4136-9af9-3cdc73ab031e,SYS-INIT-CUSTOM,d39aa439-52a4-40ab-8f27-3c2a0865d423,,進栄,,0.5,640,,,104.0,日三化成,AVAILABLE,,,,ETL_System_Custom,2026-04-10T14:36:43.990939,
55e6929d-bd88-402c-8590-05a687d9a6fc,SYS-INIT-CUSTOM,a46f0588-f6bc-4527-a89e-da3e3ef4d88f,,進栄,,0.5,690,,,4386.0,日三化成,AVAILABLE,,,,ETL_System_Custom,2026-04-10T14:36:43.990939,
f6ad76d5-e98d-4994-8e0c-b7c049c8eaa1,SYS-INIT-CUSTOM,f3b3537e-4ff2-4d39-aa88-41facdcc9056,,三宝,,0.5,740,,,2389.0,日三化成,AVAILABLE,,,,ETL_System_Custom,2026-04-10T14:36:43.990939,
4fb9ea15-12d0-472d-8748-ad51e05caba0,SYS-INIT-CUSTOM,62d373f8-e856-43c6-a615-170d075a8ee2,,進栄,,0.5,710,,,229.0,日三化成,AVAILABLE,,,,ETL_System_Custom,2026-04-10T14:36:43.990939,
28455061-5d6e-4fc8-bbbd-02ba7d27bff7,SYS-INIT-CUSTOM,3575dcb7-0731-4526-9b60-674133c1e147,,ﾊｲｷｬｵ,,0.6,640,,,3114.0,日三化成,AVAILABLE,,,,ETL_System_Custom,2026-04-10T14:36:43.990939,
de81667b-5e43-440e-aadf-6f4e731cb7e3,SYS-INIT-CUSTOM,f8817516-0c47-400a-8a29-3b542c3ae9a3,,進栄,,0.6,670,,,1464.0,日三化成,AVAILABLE,,,,ETL_System_Custom,2026-04-10T14:36:43.990939,
e727088e-236e-491c-baf6-bdc4c4fd34b8,SYS-INIT-CUSTOM,a66ebc53-9af2-4000-9e41-7e90852b13e2,,進栄,,0.7,520,,,2187.0,日三化成,AVAILABLE,,,,ETL_System_Custom,2026-04-10T14:36:43.990939,
18d68cc1-f7de-4af5-a673-645a8311a891,SYS-INIT-CUSTOM,d035dc86-f8c2-4e73-ab1e-466a363ae0f7,,進栄,,0.8,520,,,4000.0,日三化成,AVAILABLE,,,,ETL_System_Custom,2026-04-10T14:36:43.990939,
fa3e4629-0afe-43d4-8478-fe2e767a80ed,SYS-INIT-CUSTOM,355b04b3-d17b-4a71-90fd-4fa3ee2666e7,,進栄,,0.8,680,,,4000.0,日三化成,AVAILABLE,,,,ETL_System_Custom,2026-04-10T14:36:43.990939,
59187c0d-df42-458a-b187-43e71280db08,SYS-INIT-CUSTOM,b22e238a-424c-4bb4-9323-5ea31c1608bb,,進栄,,1.0,520,,,1540.0,日三化成,AVAILABLE,,,,ETL_System_Custom,2026-04-10T14:36:43.990939,
5555896b-b489-44c2-94d6-5dcf6763eb1d,SYS-INIT-CUSTOM,ace219a4-6d0c-4a61-94cd-f5a3a416455a,,進栄,,1.0,570,,,1863.0,日三化成,AVAILABLE,,,,ETL_System_Custom,2026-04-10T14:36:43.990939,
71716401-25ac-4c73-93a6-f22251bef123,SYS-INIT-CUSTOM,906612da-eb2f-409c-ba46-963fd08b32aa,,進栄,,1.0,635,,,4435.0,日三化成,AVAILABLE,,,,ETL_System_Custom,2026-04-10T14:36:43.990939,
6a3e90f5-e457-487f-a42a-c0b77e53ba0a,SYS-INIT-CUSTOM,5acc6777-f690-43e2-a263-347b8b2eba34,,RP東ﾌﾟﾗ,,1.0,650,,,8100.0,日三化成,AVAILABLE,,,,ETL_System_Custom,2026-04-10T14:36:43.990939,
02ed67e2-b164-4eca-aade-1507d481df10,SYS-INIT-CUSTOM,f513ba23-7932-40f5-9be2-6441ffa56815,,進栄,,1.0,670,,,2359.0,日三化成,AVAILABLE,,,,ETL_System_Custom,2026-04-10T14:36:43.990939,
d2fb59a6-1da2-4cbc-81f1-9e6bf002bb64,SYS-INIT-CUSTOM,f7652539-2a4f-441b-a78e-d56a188bcf1c,,進栄,,1.0,680,,,4582.0,日三化成,AVAILABLE,,,,ETL_System_Custom,2026-04-10T14:36:43.990939,
0658a5c0-6622-4809-9a05-af5d9c086a51,SYS-INIT-CUSTOM,3b8502d8-1d7f-42ae-bb7d-ac3c8195e7eb,,進栄,,1.0,710,,,2329.0,日三化成,AVAILABLE,,,,ETL_System_Custom,2026-04-10T14:36:43.990939,
e472e695-6abc-4d4b-b892-7286264c51b0,SYS-INIT-CUSTOM,26f50add-0fe7-4a79-8fa0-037d903a9368,,ﾏﾙｱｲ,,1.0,640,,,136.0,日三化成,AVAILABLE,,,,ETL_System_Custom,2026-04-10T14:36:43.990939,
960130ec-c4fd-4087-a565-3be65d542d16,SYS-INIT-CUSTOM,182554d9-d726-47f7-b717-eca8849f6682,,RP東ﾌﾟﾗ,,1.2,570,,,1979.0,日三化成,AVAILABLE,,,,ETL_System_Custom,2026-04-10T14:36:43.990939,
2de06174-ca10-4ba9-b568-5cff0a3ac153,SYS-INIT-CUSTOM,c1a04b9f-2862-4c50-9a30-17150ecac809,,遠東紡,,1.2,640,,,641.0,日三化成,AVAILABLE,,,,ETL_System_Custom,2026-04-10T14:36:43.990939,
5f8d5e9f-20ae-46d8-8ad0-e5a23d894080,SYS-INIT-CUSTOM,4b577e85-cd98-42d5-9d23-2917d0d8c718,,RP東ﾌﾟﾗ,,1.2,670,,,588.0,日三化成,AVAILABLE,,,,ETL_System_Custom,2026-04-10T14:36:43.990939,
5e5a53a7-2e8d-4782-aaa4-ffd7933a003d,SYS-INIT-CUSTOM,86253e7e-e16d-42de-ac01-92239027e8a4,,RP東ﾌﾟﾗ,,1.5,520,,,789.0,日三化成,AVAILABLE,,,,ETL_System_Custom,2026-04-10T14:36:43.990939,
4e517ea0-8307-4646-a5a5-556bb78cfcc1,SYS-INIT-CUSTOM,b042d6fe-c5d6-4ec5-9ced-0939a4486a34,,ｼｰﾀﾞﾑ,,0.55,570,,,8249.0,日三化成,AVAILABLE,,,,ETL_System_Custom,2026-04-10T14:36:43.990939,
3f1faa07-7d0d-4c59-b209-b15c28989c50,SYS-INIT-CUSTOM,985a4c1c-4b94-45c5-a36f-8c077a791e98,,ｼｰﾀﾞﾑ,,0.55,690,,,45516.0,日三化成,AVAILABLE,,,,ETL_System_Custom,2026-04-10T14:36:43.990939,
28861325-5dda-4872-b5cf-9ef487240413,SYS-INIT-CUSTOM,b0a2d3c9-9a97-4ea4-860b-f1529a5ed75a,,ｼｰﾀﾞﾑ,,0.6,610,,,15690.0,日三化成,AVAILABLE,,,,ETL_System_Custom,2026-04-10T14:36:43.990939,
d4bba868-634e-4609-9d28-99905e718843,SYS-INIT-CUSTOM,e1906f0b-ce1d-415d-8676-fc8d033a06a1,,ｽﾌﾟﾗﾎﾞ,,0.8,640,,,543.0,日三化成,AVAILABLE,,,,ETL_System_Custom,2026-04-10T14:36:43.990939,
369d7a45-f6cc-4629-b195-b6fcb52277c7,SYS-INIT-CUSTOM,ca73e1c7-93c5-458b-b3c8-874a83d0aa42,,RP東ﾌﾟﾗ,,1.0,570,,,4159.0,日三化成,AVAILABLE,,,,ETL_System_Custom,2026-04-10T14:36:43.990939,
ca2d1f94-3840-44f0-8e8e-1285d382d4b4,SYS-INIT-CUSTOM,c6d2d6a7-0b60-4591-85d9-693e265ded54,,共栄,,1.2,570,,,3300.0,日三化成,AVAILABLE,,,,ETL_System_Custom,2026-04-10T14:36:43.990939,
cb54a150-3cfb-4644-a313-21d7ef690af0,SYS-INIT-CUSTOM,9429fe3a-55c5-45f0-b2e1-8921489d609a,,ｽﾌﾟﾗﾎﾞ,,2.0,750,,,416.0,日三化成,AVAILABLE,,,,ETL_System_Custom,2026-04-10T14:36:43.990939,
af58919d-f3f5-4a80-891c-1da6974c36c7,SYS-INIT-CUSTOM,ec718e72-f5e3-41c8-bb00-53150c30c53a,,ｽﾌﾟﾗﾎﾞ,,1.0,640,,,1021.0,日三化成,AVAILABLE,,,,ETL_System_Custom,2026-04-10T14:36:43.990939,
67db05fb-abe5-42ab-a3d0-d905ae7d4432,SYS-INIT-CUSTOM,96ccf451-8af0-4830-a0f6-1f9fcb0bb79d,,ｽﾌﾟﾗﾎﾞ,,2.0,520,,,3360.0,日三化成,AVAILABLE,,,,ETL_System_Custom,2026-04-10T14:36:43.990939,
66afdfe9-5e7f-4729-8140-f0a4691cf73f,SYS-INIT-CUSTOM,e4d47ee9-5201-417f-91f5-01ef5bd05e55,,5-912110-8,,570.0,292.5,,,0.78,日三化成,AVAILABLE,,,,ETL_System_Custom,2026-04-10T14:36:44.203814,
63ccb8cc-b0f9-4d54-b199-5b046dbb2d3a,SYS-INIT-CUSTOM,e4d47ee9-5201-417f-91f5-01ef5bd05e55,,5-912103-4,,570.0,292.5,,,0.78,日三化成,AVAILABLE,,,,ETL_System_Custom,2026-04-10T14:36:44.203814,
df8c67fa-fdd0-45cb-85c8-e8e717b51069,SYS-INIT-CUSTOM,e4d47ee9-5201-417f-91f5-01ef5bd05e55,,1-912142-9,,570.0,292.5,,,0.78,日三化成,AVAILABLE,,,,ETL_System_Custom,2026-04-10T14:36:44.203814,
a94216d0-1038-40d7-9519-8bd1359e7c4d,SYS-INIT-CUSTOM,e4d47ee9-5201-417f-91f5-01ef5bd05e55,,7-912141-0,,570.0,292.5,,,0.78,日三化成,AVAILABLE,,,,ETL_System_Custom,2026-04-10T14:36:44.203814,
d62f9460-8cc8-44d1-9a61-8c107f2fd287,SYS-INIT-CUSTOM,e4d47ee9-5201-417f-91f5-01ef5bd05e55,,6-912141-9,,570.0,292.5,,,0.78,日三化成,AVAILABLE,,,,ETL_System_Custom,2026-04-10T14:36:44.203814,
65ae2609-985a-4d6a-986e-05c2221ee714,SYS-INIT-CUSTOM,a1a7c176-105b-446b-8ca2-233d70fb4c64,,1-912141-3R3,,605.0,292.5,,,0.78,日三化成,AVAILABLE,,,,ETL_System_Custom,2026-04-10T14:36:44.203814,
a9f74082-f2c3-428a-9e01-1f66bb08dda9,SYS-INIT-CUSTOM,a1a7c176-105b-446b-8ca2-233d70fb4c64,,3-912103-3,,605.0,292.5,,,0.78,日三化成,AVAILABLE,,,,ETL_System_Custom,2026-04-10T14:36:44.203814,
53dca516-d200-44d2-9db3-eda25d9afe29,SYS-INIT-CUSTOM,5e9e0310-6d69-4485-ab48-7eca78396abf,,7-912142-0,,605.0,292.5（shape）,,,0.78,日三化成,AVAILABLE,,,,ETL_System_Custom,2026-04-10T14:36:44.203814,
047cd237-9a7a-40f0-9ffb-c7108f14a687,SYS-INIT-CUSTOM,5e9e0310-6d69-4485-ab48-7eca78396abf,,7-912142-2,,605.0,292.5（shape）,,,0.6,日三化成,AVAILABLE,,,,ETL_System_Custom,2026-04-10T14:36:44.203814,
b665bd86-586e-4124-8bfd-0badab89dc05,SYS-INIT-CUSTOM,a1a7c176-105b-446b-8ca2-233d70fb4c64,,3-912156-9,,605.0,292.5,,,0.78,日三化成,AVAILABLE,,,,ETL_System_Custom,2026-04-10T14:36:44.203814,
018950ff-9112-463f-bd58-5be39b3d2314,SYS-INIT-CUSTOM,a1a7c176-105b-446b-8ca2-233d70fb4c64,,5-912156-1,,605.0,292.5,,,0.78,日三化成,AVAILABLE,,,,ETL_System_Custom,2026-04-10T14:36:44.203814,
6f1c0338-6d6d-4838-aecf-2eed21418b16,SYS-INIT-CUSTOM,a1a7c176-105b-446b-8ca2-233d70fb4c64,,4-912156-1,,605.0,292.5,,,0.9,日三化成,AVAILABLE,,,,ETL_System_Custom,2026-04-10T14:36:44.203814,
90e4f399-2d91-49f6-a9a1-4d37881ddb6f,SYS-INIT-CUSTOM,a1a7c176-105b-446b-8ca2-233d70fb4c64,,5-912156-5R,,605.0,292.5,,,0.9,日三化成,AVAILABLE,,,,ETL_System_Custom,2026-04-10T14:36:44.203814,
b0c6fd4d-7326-4245-8519-6a5904f033cd,SYS-INIT-CUSTOM,a1a7c176-105b-446b-8ca2-233d70fb4c64,,1-912157-8,,605.0,292.5,,,0.9,日三化成,AVAILABLE,,,,ETL_System_Custom,2026-04-10T14:36:44.203814,
9be7aad6-9274-478c-b191-76c765b300cf,SYS-INIT-CUSTOM,7346493a-1a09-420d-89e2-565ecbe2cb35,,912141-4,,505.0,355,,,0.78,日三化成,AVAILABLE,,,,ETL_System_Custom,2026-04-10T14:36:44.203814,
5895311b-d9a8-403b-8bac-1510de23c756,SYS-INIT-CUSTOM,0826ecb6-0565-4180-b9b9-7c7d101a76ad,,3-912127-3R,,461.0,292.5,,,0.78,日三化成,AVAILABLE,,,,ETL_System_Custom,2026-04-10T14:36:44.203814,
202d784e-9d43-4c13-b399-3dbf3f8c7eed,SYS-INIT-CUSTOM,49874565-16f1-4b24-92ca-981769a95035,,3-912141-4　　SENBA,,585.8,357.2,,,1.0,日三化成,AVAILABLE,,,,ETL_System_Custom,2026-04-10T14:36:44.203814,
db8c2373-05ff-4a3e-bcb2-8cd3961bf33f,SYS-INIT-CUSTOM,c12009bc-c666-4b05-b02b-7d9db208e2bf,,ｻﾝﾌﾟﾗｽ,,0.5,670,,,1750.0,日三化成,AVAILABLE,,,,ETL_System_Custom,2026-04-10T14:37:31.507317,
b1a6b50b-a031-4010-a63c-e9407730e7d0,SYS-INIT-CUSTOM,c3cddbb7-3fa1-4817-ade7-bd9842bbc746,,ｻﾝﾌﾟﾗｽ,,0.7,520,,,1073.0,日三化成,AVAILABLE,,,,ETL_System_Custom,2026-04-10T14:37:31.507317,
6bb90fef-2c9a-44a9-9411-21d33b491ad0,SYS-INIT-CUSTOM,27ccfa1c-8570-462e-bf14-877a60bdf0d6,,ﾐﾈﾛﾝ,,0.3,520,,,3792.0,日三化成,AVAILABLE,,,,ETL_System_Custom,2026-04-10T14:37:31.507317,
4966be94-8b6b-4577-8f8c-efc70b126f12,SYS-INIT-CUSTOM,e67e655c-2a49-44a4-ac70-3ba160c0f2e1,,ﾐﾈﾛﾝ,,0.3,670,,,7897.0,日三化成,AVAILABLE,,,,ETL_System_Custom,2026-04-10T14:37:31.507317,
c6cdb85c-e6de-49d0-a19f-a43e3577aff6,SYS-INIT-CUSTOM,20f94e27-cf33-4ffb-81a2-6e39bf124136,,進栄,,0.4,640,,,85.0,日三化成,AVAILABLE,,,,ETL_System_Custom,2026-04-10T14:37:31.507317,
b5890a9d-6957-492a-9f8e-8a2d66bf1bc5,SYS-INIT-CUSTOM,c2bf5e27-7a32-4fed-bc52-03275fabb132,,進栄,,0.5,610,,,27703.0,日三化成,AVAILABLE,,,,ETL_System_Custom,2026-04-10T14:37:31.507317,
be51ec47-f727-45de-8f5f-01a75b4610b1,SYS-INIT-CUSTOM,d39aa439-52a4-40ab-8f27-3c2a0865d423,,進栄,,0.5,640,,,104.0,日三化成,AVAILABLE,,,,ETL_System_Custom,2026-04-10T14:37:31.507317,
87a35ce5-8cc9-485b-9d58-78786538c24b,SYS-INIT-CUSTOM,a46f0588-f6bc-4527-a89e-da3e3ef4d88f,,進栄,,0.5,690,,,4386.0,日三化成,AVAILABLE,,,,ETL_System_Custom,2026-04-10T14:37:31.507317,
e3c0c80a-7df0-499e-b776-6565b9ae3997,SYS-INIT-CUSTOM,f3b3537e-4ff2-4d39-aa88-41facdcc9056,,三宝,,0.5,740,,,2389.0,日三化成,AVAILABLE,,,,ETL_System_Custom,2026-04-10T14:37:31.507317,
3e693746-6db8-45f1-80d1-f10d7e17e283,SYS-INIT-CUSTOM,62d373f8-e856-43c6-a615-170d075a8ee2,,進栄,,0.5,710,,,229.0,日三化成,AVAILABLE,,,,ETL_System_Custom,2026-04-10T14:37:31.507317,
667c8b0f-d50e-4886-aa24-30e8e8a11905,SYS-INIT-CUSTOM,3575dcb7-0731-4526-9b60-674133c1e147,,ﾊｲｷｬｵ,,0.6,640,,,3114.0,日三化成,AVAILABLE,,,,ETL_System_Custom,2026-04-10T14:37:31.507317,
f2c3a773-9f6e-4d85-85a9-80e939771967,SYS-INIT-CUSTOM,f8817516-0c47-400a-8a29-3b542c3ae9a3,,進栄,,0.6,670,,,1464.0,日三化成,AVAILABLE,,,,ETL_System_Custom,2026-04-10T14:37:31.507317,
759ab614-d987-4c1e-99af-4cc2eed8a4d2,SYS-INIT-CUSTOM,a66ebc53-9af2-4000-9e41-7e90852b13e2,,進栄,,0.7,520,,,2187.0,日三化成,AVAILABLE,,,,ETL_System_Custom,2026-04-10T14:37:31.507317,
3dd88d53-2bf7-4c41-ba7a-cc89e2a04dc7,SYS-INIT-CUSTOM,d035dc86-f8c2-4e73-ab1e-466a363ae0f7,,進栄,,0.8,520,,,4000.0,日三化成,AVAILABLE,,,,ETL_System_Custom,2026-04-10T14:37:31.507317,
509817a4-45e1-4550-882f-79b63a208c23,SYS-INIT-CUSTOM,355b04b3-d17b-4a71-90fd-4fa3ee2666e7,,進栄,,0.8,680,,,4000.0,日三化成,AVAILABLE,,,,ETL_System_Custom,2026-04-10T14:37:31.507317,
6ffa4459-3aa5-4e5c-b9ca-00615de78b04,SYS-INIT-CUSTOM,b22e238a-424c-4bb4-9323-5ea31c1608bb,,進栄,,1.0,520,,,1540.0,日三化成,AVAILABLE,,,,ETL_System_Custom,2026-04-10T14:37:31.507317,
fdd54d41-7acb-4975-b551-67b6a5b50278,SYS-INIT-CUSTOM,ace219a4-6d0c-4a61-94cd-f5a3a416455a,,進栄,,1.0,570,,,1863.0,日三化成,AVAILABLE,,,,ETL_System_Custom,2026-04-10T14:37:31.507317,
7abb9503-12a5-4d7b-90d5-24dd94eaebcf,SYS-INIT-CUSTOM,906612da-eb2f-409c-ba46-963fd08b32aa,,進栄,,1.0,635,,,4435.0,日三化成,AVAILABLE,,,,ETL_System_Custom,2026-04-10T14:37:31.507317,
3c9a47d5-fbc6-44bb-951b-07fa941b177f,SYS-INIT-CUSTOM,5acc6777-f690-43e2-a263-347b8b2eba34,,RP東ﾌﾟﾗ,,1.0,650,,,8100.0,日三化成,AVAILABLE,,,,ETL_System_Custom,2026-04-10T14:37:31.507317,
44ea27d8-f270-457a-bca4-23f548317293,SYS-INIT-CUSTOM,f513ba23-7932-40f5-9be2-6441ffa56815,,進栄,,1.0,670,,,2359.0,日三化成,AVAILABLE,,,,ETL_System_Custom,2026-04-10T14:37:31.507317,
31796bb5-20f2-4238-96e7-8375cfbf1b19,SYS-INIT-CUSTOM,f7652539-2a4f-441b-a78e-d56a188bcf1c,,進栄,,1.0,680,,,4582.0,日三化成,AVAILABLE,,,,ETL_System_Custom,2026-04-10T14:37:31.507317,
7cab762f-4bf1-4a1d-a91f-3fbf83e4b9bf,SYS-INIT-CUSTOM,3b8502d8-1d7f-42ae-bb7d-ac3c8195e7eb,,進栄,,1.0,710,,,2329.0,日三化成,AVAILABLE,,,,ETL_System_Custom,2026-04-10T14:37:31.507317,
066e3f8d-6b48-4750-91e3-d5af03b41cc6,SYS-INIT-CUSTOM,26f50add-0fe7-4a79-8fa0-037d903a9368,,ﾏﾙｱｲ,,1.0,640,,,136.0,日三化成,AVAILABLE,,,,ETL_System_Custom,2026-04-10T14:37:31.507317,
9a03ec03-441c-418c-b136-4641a36d73e1,SYS-INIT-CUSTOM,182554d9-d726-47f7-b717-eca8849f6682,,RP東ﾌﾟﾗ,,1.2,570,,,1979.0,日三化成,AVAILABLE,,,,ETL_System_Custom,2026-04-10T14:37:31.507317,
2e444f58-cc06-40ec-834e-7264b97649a1,SYS-INIT-CUSTOM,c1a04b9f-2862-4c50-9a30-17150ecac809,,遠東紡,,1.2,640,,,641.0,日三化成,AVAILABLE,,,,ETL_System_Custom,2026-04-10T14:37:31.507317,
db8c3010-5d02-4acb-8662-ce4b27aadd66,SYS-INIT-CUSTOM,4b577e85-cd98-42d5-9d23-2917d0d8c718,,RP東ﾌﾟﾗ,,1.2,670,,,588.0,日三化成,AVAILABLE,,,,ETL_System_Custom,2026-04-10T14:37:31.507317,
65553ff5-8149-4344-9bd5-07fa5047f1d2,SYS-INIT-CUSTOM,86253e7e-e16d-42de-ac01-92239027e8a4,,RP東ﾌﾟﾗ,,1.5,520,,,789.0,日三化成,AVAILABLE,,,,ETL_System_Custom,2026-04-10T14:37:31.507317,
580a0827-d6dd-4105-be93-d37b35353980,SYS-INIT-CUSTOM,b042d6fe-c5d6-4ec5-9ced-0939a4486a34,,ｼｰﾀﾞﾑ,,0.55,570,,,8249.0,日三化成,AVAILABLE,,,,ETL_System_Custom,2026-04-10T14:37:31.507317,
e79d6f9a-867c-454a-abfd-a984a81566a2,SYS-INIT-CUSTOM,985a4c1c-4b94-45c5-a36f-8c077a791e98,,ｼｰﾀﾞﾑ,,0.55,690,,,45516.0,日三化成,AVAILABLE,,,,ETL_System_Custom,2026-04-10T14:37:31.507317,
8a6c174d-af6d-4f09-b915-623a3ae9bfcf,SYS-INIT-CUSTOM,b0a2d3c9-9a97-4ea4-860b-f1529a5ed75a,,ｼｰﾀﾞﾑ,,0.6,610,,,15690.0,日三化成,AVAILABLE,,,,ETL_System_Custom,2026-04-10T14:37:31.507317,
e257c230-198b-4704-9b96-92145d52b7e0,SYS-INIT-CUSTOM,e1906f0b-ce1d-415d-8676-fc8d033a06a1,,ｽﾌﾟﾗﾎﾞ,,0.8,640,,,543.0,日三化成,AVAILABLE,,,,ETL_System_Custom,2026-04-10T14:37:31.507317,
4d1feb27-ba9f-43e3-a7b7-7aba12c897ff,SYS-INIT-CUSTOM,ca73e1c7-93c5-458b-b3c8-874a83d0aa42,,RP東ﾌﾟﾗ,,1.0,570,,,4159.0,日三化成,AVAILABLE,,,,ETL_System_Custom,2026-04-10T14:37:31.507317,
4318d00a-e374-4f16-b70b-e0007a53671a,SYS-INIT-CUSTOM,c6d2d6a7-0b60-4591-85d9-693e265ded54,,共栄,,1.2,570,,,3300.0,日三化成,AVAILABLE,,,,ETL_System_Custom,2026-04-10T14:37:31.507317,
4e25fcf1-e812-437c-b3ec-c37a6201b226,SYS-INIT-CUSTOM,9429fe3a-55c5-45f0-b2e1-8921489d609a,,ｽﾌﾟﾗﾎﾞ,,2.0,750,,,416.0,日三化成,AVAILABLE,,,,ETL_System_Custom,2026-04-10T14:37:31.507317,
e6fa93dd-8cce-479d-b3ff-6f8a6d6e76c5,SYS-INIT-CUSTOM,ec718e72-f5e3-41c8-bb00-53150c30c53a,,ｽﾌﾟﾗﾎﾞ,,1.0,640,,,1021.0,日三化成,AVAILABLE,,,,ETL_System_Custom,2026-04-10T14:37:31.507317,
d1ccd7ff-036d-46e0-b415-b3669cd9f3c6,SYS-INIT-CUSTOM,96ccf451-8af0-4830-a0f6-1f9fcb0bb79d,,ｽﾌﾟﾗﾎﾞ,,2.0,520,,,3360.0,日三化成,AVAILABLE,,,,ETL_System_Custom,2026-04-10T14:37:31.507317,
0d515a4e-081c-4312-a002-a7919de90b38,SYS-INIT-CUSTOM,e4d47ee9-5201-417f-91f5-01ef5bd05e55,,5-912110-8,,570.0,292.5,,,0.78,日三化成,AVAILABLE,,,,ETL_System_Custom,2026-04-10T14:37:31.604123,
adcc1d6f-38c3-4f45-94bd-14fa5ed7cf44,SYS-INIT-CUSTOM,e4d47ee9-5201-417f-91f5-01ef5bd05e55,,5-912103-4,,570.0,292.5,,,0.78,日三化成,AVAILABLE,,,,ETL_System_Custom,2026-04-10T14:37:31.604123,
7a76ee89-cf40-4084-8f28-789f804b667b,SYS-INIT-CUSTOM,e4d47ee9-5201-417f-91f5-01ef5bd05e55,,1-912142-9,,570.0,292.5,,,0.78,日三化成,AVAILABLE,,,,ETL_System_Custom,2026-04-10T14:37:31.604123,
cdd3d989-96d8-4f7a-883b-06942690643f,SYS-INIT-CUSTOM,e4d47ee9-5201-417f-91f5-01ef5bd05e55,,7-912141-0,,570.0,292.5,,,0.78,日三化成,AVAILABLE,,,,ETL_System_Custom,2026-04-10T14:37:31.604123,
3aa2282c-0033-4d8a-8aa2-64ca82b2a255,SYS-INIT-CUSTOM,e4d47ee9-5201-417f-91f5-01ef5bd05e55,,6-912141-9,,570.0,292.5,,,0.78,日三化成,AVAILABLE,,,,ETL_System_Custom,2026-04-10T14:37:31.604123,
ddfa71b4-f841-44ef-ac9f-0db98c5deae8,SYS-INIT-CUSTOM,a1a7c176-105b-446b-8ca2-233d70fb4c64,,1-912141-3R3,,605.0,292.5,,,0.78,日三化成,AVAILABLE,,,,ETL_System_Custom,2026-04-10T14:37:31.604123,
ae5295c3-8857-4726-8976-6f8892e416f3,SYS-INIT-CUSTOM,a1a7c176-105b-446b-8ca2-233d70fb4c64,,3-912103-3,,605.0,292.5,,,0.78,日三化成,AVAILABLE,,,,ETL_System_Custom,2026-04-10T14:37:31.604123,
3ffa7afd-ddf3-4545-bf37-7e257f9eef25,SYS-INIT-CUSTOM,5e9e0310-6d69-4485-ab48-7eca78396abf,,7-912142-0,,605.0,292.5（shape）,,,0.78,日三化成,AVAILABLE,,,,ETL_System_Custom,2026-04-10T14:37:31.604123,
3e7bd1a5-ae99-4615-a6a5-49959fad244a,SYS-INIT-CUSTOM,5e9e0310-6d69-4485-ab48-7eca78396abf,,7-912142-2,,605.0,292.5（shape）,,,0.6,日三化成,AVAILABLE,,,,ETL_System_Custom,2026-04-10T14:37:31.604123,
3a4451a1-7764-4640-8ad0-47d00fb98f99,SYS-INIT-CUSTOM,a1a7c176-105b-446b-8ca2-233d70fb4c64,,3-912156-9,,605.0,292.5,,,0.78,日三化成,AVAILABLE,,,,ETL_System_Custom,2026-04-10T14:37:31.604123,
cbd675cc-6e1e-441c-ac1e-76c9e86b7baa,SYS-INIT-CUSTOM,a1a7c176-105b-446b-8ca2-233d70fb4c64,,5-912156-1,,605.0,292.5,,,0.78,日三化成,AVAILABLE,,,,ETL_System_Custom,2026-04-10T14:37:31.604123,
872d19cc-c4f9-4055-9b1f-a38ae403d3c9,SYS-INIT-CUSTOM,a1a7c176-105b-446b-8ca2-233d70fb4c64,,4-912156-1,,605.0,292.5,,,0.9,日三化成,AVAILABLE,,,,ETL_System_Custom,2026-04-10T14:37:31.604123,
32aae44b-d822-4aab-89ae-9dc067bd8e4d,SYS-INIT-CUSTOM,a1a7c176-105b-446b-8ca2-233d70fb4c64,,5-912156-5R,,605.0,292.5,,,0.9,日三化成,AVAILABLE,,,,ETL_System_Custom,2026-04-10T14:37:31.604123,
b45718b9-bfd4-4772-8201-8f096d3db32b,SYS-INIT-CUSTOM,a1a7c176-105b-446b-8ca2-233d70fb4c64,,1-912157-8,,605.0,292.5,,,0.9,日三化成,AVAILABLE,,,,ETL_System_Custom,2026-04-10T14:37:31.604123,
00703584-1333-406c-864b-7b9b97b5528b,SYS-INIT-CUSTOM,7346493a-1a09-420d-89e2-565ecbe2cb35,,912141-4,,505.0,355,,,0.78,日三化成,AVAILABLE,,,,ETL_System_Custom,2026-04-10T14:37:31.604123,
f9504589-9aba-4b62-8a7f-6f5abd84edd2,SYS-INIT-CUSTOM,0826ecb6-0565-4180-b9b9-7c7d101a76ad,,3-912127-3R,,461.0,292.5,,,0.78,日三化成,AVAILABLE,,,,ETL_System_Custom,2026-04-10T14:37:31.604123,
4764e6ab-7e6f-447d-b43c-7e3941ed314a,SYS-INIT-CUSTOM,49874565-16f1-4b24-92ca-981769a95035,,3-912141-4　　SENBA,,585.8,357.2,,,1.0,日三化成,AVAILABLE,,,,ETL_System_Custom,2026-04-10T14:37:31.604123,
832cda78-0846-4ac4-a68b-1d199c54141f,SYS-INIT-CUSTOM,0938a3a0-ba9b-4d03-b1b0-0d2ef3fc476d,,レグルス,,0.6,485.0,,,14.0,Main Warehouse,AVAILABLE,,,,ETL_System_Custom,2026-04-10T14:39:10.365463,
2c357575-a343-43b7-b6e2-334a2307308c,SYS-INIT-CUSTOM,c12009bc-c666-4b05-b02b-7d9db208e2bf,,ｻﾝﾌﾟﾗｽ,,0.5,670,,,1750.0,日三化成,AVAILABLE,,,,ETL_System_Custom,2026-04-10T14:39:10.931917,
f732e084-7383-4efc-bb58-e13fa66d4ea0,SYS-INIT-CUSTOM,c3cddbb7-3fa1-4817-ade7-bd9842bbc746,,ｻﾝﾌﾟﾗｽ,,0.7,520,,,1073.0,日三化成,AVAILABLE,,,,ETL_System_Custom,2026-04-10T14:39:10.931917,
e44aa4d5-5eb3-43b1-aec9-6a96387247da,SYS-INIT-CUSTOM,27ccfa1c-8570-462e-bf14-877a60bdf0d6,,ﾐﾈﾛﾝ,,0.3,520,,,3792.0,日三化成,AVAILABLE,,,,ETL_System_Custom,2026-04-10T14:39:10.931917,
fd7f9ccd-a542-4da5-8958-6abdd21e0e1e,SYS-INIT-CUSTOM,e67e655c-2a49-44a4-ac70-3ba160c0f2e1,,ﾐﾈﾛﾝ,,0.3,670,,,7897.0,日三化成,AVAILABLE,,,,ETL_System_Custom,2026-04-10T14:39:10.931917,
8152b06e-b759-46cf-847d-4f2ddf542265,SYS-INIT-CUSTOM,20f94e27-cf33-4ffb-81a2-6e39bf124136,,進栄,,0.4,640,,,85.0,日三化成,AVAILABLE,,,,ETL_System_Custom,2026-04-10T14:39:10.931917,
c53dcf06-33ea-42bc-847d-75854db4a86f,SYS-INIT-CUSTOM,c2bf5e27-7a32-4fed-bc52-03275fabb132,,進栄,,0.5,610,,,27703.0,日三化成,AVAILABLE,,,,ETL_System_Custom,2026-04-10T14:39:10.931917,
fda3591e-5a26-4e18-a7db-9a62e4738b88,SYS-INIT-CUSTOM,d39aa439-52a4-40ab-8f27-3c2a0865d423,,進栄,,0.5,640,,,104.0,日三化成,AVAILABLE,,,,ETL_System_Custom,2026-04-10T14:39:10.931917,
7940f927-1a75-4958-8f24-0db31aafa1e4,SYS-INIT-CUSTOM,a46f0588-f6bc-4527-a89e-da3e3ef4d88f,,進栄,,0.5,690,,,4386.0,日三化成,AVAILABLE,,,,ETL_System_Custom,2026-04-10T14:39:10.931917,
b247c237-d662-4bd0-8412-59114e6254d7,SYS-INIT-CUSTOM,f3b3537e-4ff2-4d39-aa88-41facdcc9056,,三宝,,0.5,740,,,2389.0,日三化成,AVAILABLE,,,,ETL_System_Custom,2026-04-10T14:39:10.931917,
817354e9-d748-4230-a4eb-7b85c5ef2aa5,SYS-INIT-CUSTOM,62d373f8-e856-43c6-a615-170d075a8ee2,,進栄,,0.5,710,,,229.0,日三化成,AVAILABLE,,,,ETL_System_Custom,2026-04-10T14:39:10.931917,
c13c4656-ffa1-4935-be57-d0ad0ba42e89,SYS-INIT-CUSTOM,3575dcb7-0731-4526-9b60-674133c1e147,,ﾊｲｷｬｵ,,0.6,640,,,3114.0,日三化成,AVAILABLE,,,,ETL_System_Custom,2026-04-10T14:39:10.931917,
811009f1-b38a-44dd-b5a1-4b4c073a4d5d,SYS-INIT-CUSTOM,f8817516-0c47-400a-8a29-3b542c3ae9a3,,進栄,,0.6,670,,,1464.0,日三化成,AVAILABLE,,,,ETL_System_Custom,2026-04-10T14:39:10.931917,
5bf3ee79-141d-40bd-8dca-a6c102beceb4,SYS-INIT-CUSTOM,a66ebc53-9af2-4000-9e41-7e90852b13e2,,進栄,,0.7,520,,,2187.0,日三化成,AVAILABLE,,,,ETL_System_Custom,2026-04-10T14:39:10.931917,
b33ebc9b-3162-472b-b5d0-17c4ec3a7814,SYS-INIT-CUSTOM,d035dc86-f8c2-4e73-ab1e-466a363ae0f7,,進栄,,0.8,520,,,4000.0,日三化成,AVAILABLE,,,,ETL_System_Custom,2026-04-10T14:39:10.931917,
a1970f8e-17d5-4016-86ae-1c0222140a32,SYS-INIT-CUSTOM,355b04b3-d17b-4a71-90fd-4fa3ee2666e7,,進栄,,0.8,680,,,4000.0,日三化成,AVAILABLE,,,,ETL_System_Custom,2026-04-10T14:39:10.931917,
f555d99a-8dae-4a7c-989a-4038029f3bd4,SYS-INIT-CUSTOM,b22e238a-424c-4bb4-9323-5ea31c1608bb,,進栄,,1.0,520,,,1540.0,日三化成,AVAILABLE,,,,ETL_System_Custom,2026-04-10T14:39:10.931917,
694e16b4-72c8-4df5-9c56-f8cc4902d955,SYS-INIT-CUSTOM,ace219a4-6d0c-4a61-94cd-f5a3a416455a,,進栄,,1.0,570,,,1863.0,日三化成,AVAILABLE,,,,ETL_System_Custom,2026-04-10T14:39:10.931917,
c4ea0c1d-919c-45b8-8144-812a440dca01,SYS-INIT-CUSTOM,906612da-eb2f-409c-ba46-963fd08b32aa,,進栄,,1.0,635,,,4435.0,日三化成,AVAILABLE,,,,ETL_System_Custom,2026-04-10T14:39:10.931917,
fa978e56-d0cd-4206-bbca-79ada18c34c9,SYS-INIT-CUSTOM,5acc6777-f690-43e2-a263-347b8b2eba34,,RP東ﾌﾟﾗ,,1.0,650,,,8100.0,日三化成,AVAILABLE,,,,ETL_System_Custom,2026-04-10T14:39:10.931917,
cef2515b-e049-4037-92f0-0a6e138e4dcf,SYS-INIT-CUSTOM,f513ba23-7932-40f5-9be2-6441ffa56815,,進栄,,1.0,670,,,2359.0,日三化成,AVAILABLE,,,,ETL_System_Custom,2026-04-10T14:39:10.931917,
fbf74d42-20e3-41cd-b889-a9973f1a45ea,SYS-INIT-CUSTOM,f7652539-2a4f-441b-a78e-d56a188bcf1c,,進栄,,1.0,680,,,4582.0,日三化成,AVAILABLE,,,,ETL_System_Custom,2026-04-10T14:39:10.931917,
31c0fb98-39e4-4d2d-a95c-ee7a03ec222d,SYS-INIT-CUSTOM,3b8502d8-1d7f-42ae-bb7d-ac3c8195e7eb,,進栄,,1.0,710,,,2329.0,日三化成,AVAILABLE,,,,ETL_System_Custom,2026-04-10T14:39:10.931917,
bc97ad8e-c903-439c-b539-d104bdddfcef,SYS-INIT-CUSTOM,26f50add-0fe7-4a79-8fa0-037d903a9368,,ﾏﾙｱｲ,,1.0,640,,,136.0,日三化成,AVAILABLE,,,,ETL_System_Custom,2026-04-10T14:39:10.931917,
ea852757-a098-4245-abf7-4370bad7eabc,SYS-INIT-CUSTOM,182554d9-d726-47f7-b717-eca8849f6682,,RP東ﾌﾟﾗ,,1.2,570,,,1979.0,日三化成,AVAILABLE,,,,ETL_System_Custom,2026-04-10T14:39:10.931917,
a258bfa4-641b-404c-a012-b87f3bcedf4c,SYS-INIT-CUSTOM,c1a04b9f-2862-4c50-9a30-17150ecac809,,遠東紡,,1.2,640,,,641.0,日三化成,AVAILABLE,,,,ETL_System_Custom,2026-04-10T14:39:10.931917,
f4d5f4c6-3b96-4eb3-9b0c-a7098bf352dd,SYS-INIT-CUSTOM,4b577e85-cd98-42d5-9d23-2917d0d8c718,,RP東ﾌﾟﾗ,,1.2,670,,,588.0,日三化成,AVAILABLE,,,,ETL_System_Custom,2026-04-10T14:39:10.931917,
7db51cdb-831f-4855-bea6-a07fc85023e7,SYS-INIT-CUSTOM,86253e7e-e16d-42de-ac01-92239027e8a4,,RP東ﾌﾟﾗ,,1.5,520,,,789.0,日三化成,AVAILABLE,,,,ETL_System_Custom,2026-04-10T14:39:10.931917,
b134aff7-c969-4824-a67b-82d18951701e,SYS-INIT-CUSTOM,b042d6fe-c5d6-4ec5-9ced-0939a4486a34,,ｼｰﾀﾞﾑ,,0.55,570,,,8249.0,日三化成,AVAILABLE,,,,ETL_System_Custom,2026-04-10T14:39:10.931917,
1b760571-c9b4-4159-a030-12ce94f63708,SYS-INIT-CUSTOM,985a4c1c-4b94-45c5-a36f-8c077a791e98,,ｼｰﾀﾞﾑ,,0.55,690,,,45516.0,日三化成,AVAILABLE,,,,ETL_System_Custom,2026-04-10T14:39:10.931917,
6292b82f-b4ca-4ce6-a8a7-720d39952f3c,SYS-INIT-CUSTOM,b0a2d3c9-9a97-4ea4-860b-f1529a5ed75a,,ｼｰﾀﾞﾑ,,0.6,610,,,15690.0,日三化成,AVAILABLE,,,,ETL_System_Custom,2026-04-10T14:39:10.931917,
b372fa23-2932-4dd5-82e0-e57d92e54394,SYS-INIT-CUSTOM,e1906f0b-ce1d-415d-8676-fc8d033a06a1,,ｽﾌﾟﾗﾎﾞ,,0.8,640,,,543.0,日三化成,AVAILABLE,,,,ETL_System_Custom,2026-04-10T14:39:10.931917,
fb27094a-4531-4f8a-9535-dc6c46913235,SYS-INIT-CUSTOM,ca73e1c7-93c5-458b-b3c8-874a83d0aa42,,RP東ﾌﾟﾗ,,1.0,570,,,4159.0,日三化成,AVAILABLE,,,,ETL_System_Custom,2026-04-10T14:39:10.931917,
10e61bc8-6e43-4459-9b34-122c1f7572e9,SYS-INIT-CUSTOM,c6d2d6a7-0b60-4591-85d9-693e265ded54,,共栄,,1.2,570,,,3300.0,日三化成,AVAILABLE,,,,ETL_System_Custom,2026-04-10T14:39:10.931917,
deb57c8c-04ae-416d-87ec-2891bf7b10ee,SYS-INIT-CUSTOM,9429fe3a-55c5-45f0-b2e1-8921489d609a,,ｽﾌﾟﾗﾎﾞ,,2.0,750,,,416.0,日三化成,AVAILABLE,,,,ETL_System_Custom,2026-04-10T14:39:10.931917,
be724dc3-dbe6-40d6-b427-10cc6bebd7c5,SYS-INIT-CUSTOM,ec718e72-f5e3-41c8-bb00-53150c30c53a,,ｽﾌﾟﾗﾎﾞ,,1.0,640,,,1021.0,日三化成,AVAILABLE,,,,ETL_System_Custom,2026-04-10T14:39:10.931917,
f69683df-60c5-47de-b6f7-85cca98021b8,SYS-INIT-CUSTOM,96ccf451-8af0-4830-a0f6-1f9fcb0bb79d,,ｽﾌﾟﾗﾎﾞ,,2.0,520,,,3360.0,日三化成,AVAILABLE,,,,ETL_System_Custom,2026-04-10T14:39:10.931917,
8d7eeee2-8562-4d8d-80ff-1a9f2919f450,SYS-INIT-CUSTOM,0938a3a0-ba9b-4d03-b1b0-0d2ef3fc476d,,レグルス,,0.6,485.0,,,14.0,Main Warehouse,AVAILABLE,,,,ETL_System_Custom,2026-04-10T14:39:11.006401,
65533058-85c0-4e41-87e5-21fe158b3d3e,SYS-INIT-CUSTOM,e4d47ee9-5201-417f-91f5-01ef5bd05e55,,5-912110-8,,570,292.5,,,0.78,日三化成,AVAILABLE,,,,ETL_System_Custom,2026-04-10T14:39:11.100749,
fa83a439-52cb-423a-87a5-831ee57dc96d,SYS-INIT-CUSTOM,e4d47ee9-5201-417f-91f5-01ef5bd05e55,,5-912103-4,,570,292.5,,,0.78,日三化成,AVAILABLE,,,,ETL_System_Custom,2026-04-10T14:39:11.100749,
ac987533-a337-4049-b611-403f1c5796cb,SYS-INIT-CUSTOM,e4d47ee9-5201-417f-91f5-01ef5bd05e55,,1-912142-9,,570,292.5,,,0.78,日三化成,AVAILABLE,,,,ETL_System_Custom,2026-04-10T14:39:11.100749,
1d5e7ca7-f831-48f4-bd4a-e7943e9520e2,SYS-INIT-CUSTOM,e4d47ee9-5201-417f-91f5-01ef5bd05e55,,7-912141-0,,570,292.5,,,0.78,日三化成,AVAILABLE,,,,ETL_System_Custom,2026-04-10T14:39:11.100749,
adafc252-eb3b-4c2a-8e02-527a24505e44,SYS-INIT-CUSTOM,e4d47ee9-5201-417f-91f5-01ef5bd05e55,,6-912141-9,,570,292.5,,,0.78,日三化成,AVAILABLE,,,,ETL_System_Custom,2026-04-10T14:39:11.100749,
69f308c7-d4b6-42a3-b7e6-354d180ed3ab,SYS-INIT-CUSTOM,a1a7c176-105b-446b-8ca2-233d70fb4c64,,1-912141-3R3,,605,292.5,,,0.78,日三化成,AVAILABLE,,,,ETL_System_Custom,2026-04-10T14:39:11.100749,
0f22a5c5-e0ec-4eda-9b30-47f22ad5955e,SYS-INIT-CUSTOM,a1a7c176-105b-446b-8ca2-233d70fb4c64,,3-912103-3,,605,292.5,,,0.78,日三化成,AVAILABLE,,,,ETL_System_Custom,2026-04-10T14:39:11.100749,
cfc846d3-d4ed-4c4f-8f52-19b02bfc3a0a,SYS-INIT-CUSTOM,5e9e0310-6d69-4485-ab48-7eca78396abf,,7-912142-0,,605,292.5（shape）,,,0.78,日三化成,AVAILABLE,,,,ETL_System_Custom,2026-04-10T14:39:11.100749,
f72386ca-517d-422c-a2a2-08fe9720d032,SYS-INIT-CUSTOM,5e9e0310-6d69-4485-ab48-7eca78396abf,,7-912142-2,,605,292.5（shape）,,,0.6,日三化成,AVAILABLE,,,,ETL_System_Custom,2026-04-10T14:39:11.100749,
e9dbc26d-3cb3-4e66-84e7-2b34de782c05,SYS-INIT-CUSTOM,a1a7c176-105b-446b-8ca2-233d70fb4c64,,3-912156-9,,605,292.5,,,0.78,日三化成,AVAILABLE,,,,ETL_System_Custom,2026-04-10T14:39:11.100749,
966839ea-60e4-44d3-a021-2f13abc774c1,SYS-INIT-CUSTOM,a1a7c176-105b-446b-8ca2-233d70fb4c64,,5-912156-1,,605,292.5,,,0.78,日三化成,AVAILABLE,,,,ETL_System_Custom,2026-04-10T14:39:11.100749,
c2dc63f2-a550-4392-8e6a-55bbbc9831b0,SYS-INIT-CUSTOM,a1a7c176-105b-446b-8ca2-233d70fb4c64,,4-912156-1,,605,292.5,,,0.9,日三化成,AVAILABLE,,,,ETL_System_Custom,2026-04-10T14:39:11.100749,
e365d5f3-40ec-43f2-bf31-de6faaa7d271,SYS-INIT-CUSTOM,a1a7c176-105b-446b-8ca2-233d70fb4c64,,5-912156-5R,,605,292.5,,,0.9,日三化成,AVAILABLE,,,,ETL_System_Custom,2026-04-10T14:39:11.100749,
10e86633-c291-4f2f-9e81-56b510105696,SYS-INIT-CUSTOM,a1a7c176-105b-446b-8ca2-233d70fb4c64,,1-912157-8,,605,292.5,,,0.9,日三化成,AVAILABLE,,,,ETL_System_Custom,2026-04-10T14:39:11.100749,
ff069df2-a789-4992-ba6d-aca788823599,SYS-INIT-CUSTOM,7346493a-1a09-420d-89e2-565ecbe2cb35,,912141-4,,505,355,,,0.78,日三化成,AVAILABLE,,,,ETL_System_Custom,2026-04-10T14:39:11.100749,
c418d1c3-ecf2-40b7-8bff-e64ec9e4b4bf,SYS-INIT-CUSTOM,0826ecb6-0565-4180-b9b9-7c7d101a76ad,,3-912127-3R,,461,292.5,,,0.78,日三化成,AVAILABLE,,,,ETL_System_Custom,2026-04-10T14:39:11.100749,
9e7fda4a-a9f5-4e1d-aafd-bb69310362c1,SYS-INIT-CUSTOM,49874565-16f1-4b24-92ca-981769a95035,,3-912141-4　　SENBA,,585.8,357.2,,,1.0,日三化成,AVAILABLE,,,,ETL_System_Custom,2026-04-10T14:39:11.100749,
